bank,index,sound_id,name
014_battle_SP_character,0,0xd6b506d0,SE_BSP_060_RYZA_WAND01
014_battle_SP_character,1,0xb5cb52d2,SE_BSP_061_RYZA_WAND02
014_battle_SP_character,2,0x94e19ed4,SE_BSP_062_RYZA_WAND03
014_battle_SP_character,3,0x3638ef87,SE_BSP_063_RYZA_CHARGE01
014_battle_SP_character,4,0x4f4def49,SE_BSP_064_RYZA_CHARGE02
014_battle_SP_character,5,0x6862ef0b,SE_BSP_065_RYZA_CHARGE03
014_battle_SP_character,6,0xeec82c5c,SE_BSP_066_RYZA_KICK01
014_battle_SP_character,7,0xcdde785e,SE_BSP_067_RYZA_KICK02
014_battle_SP_character,8,0x3240462b,SE_BSP_068_RYZA_RAIN
014_battle_SP_character,9,0xda8c1691,SE_BSP_069_RYZA_SPIKE01P
014_battle_SP_character,10,0x8ecccdc6,SE_BSP_070_RYZA_SPIKE02P
014_battle_SP_character,11,0xdfbe2c78,SE_BSP_071_RYZA_CRYSTAL01
014_battle_SP_character,12,0x74a2df39,SE_BSP_072_RYZA_CRYSTAL01
014_battle_SP_character,13,0x76622f5b,SE_BSP_073_RYZA_RAINBOWP
014_battle_SP_character,14,0x9ea79378,SE_BSP_074_RYZA_SPEAR01P
014_battle_SP_character,15,0x2f8dd518,SE_BSP_075_RYZA_SPEAR02P
014_battle_SP_character,16,0xbeff55ce,SE_BSP_076_RYZA_JAIL
014_battle_SP_character,17,0x3588c124,SE_BSP_077_RYZA_BEAM
014_battle_SP_character,18,0x1f812c09,SE_BSP_078_RYZA_FINISH
014_battle_SP_character,19,0x5b483843,SE_BSP_
014_battle_SP_character,20,0x81a15ba3,SE_BSP_
014_battle_SP_character,21,0x3f7d9daf,SE_BSP_079_KLAU_SHINEARROW01
014_battle_SP_character,22,0x210caa86,SE_BSP_080_KLAU_SHINEARROW02
014_battle_SP_character,23,0xdf4141c8,SE_BSP_081_KLAU_SHINEARROW03
014_battle_SP_character,24,0xac4260a6,SE_BSP_082_KLAU_WINDARROW01P
014_battle_SP_character,25,0x31f81ac6,SE_BSP_083_KLAU_WINDARROW02P
014_battle_SP_character,26,0xb7add4e6,SE_BSP_084_KLAU_WINDARROW03P
014_battle_SP_character,27,0x840e84aa,SE_BSP_085_KLAU_ICEARROW01
014_battle_SP_character,28,0x5244482c,SE_BSP_086_KLAU_ICEARROW02
014_battle_SP_character,29,0x207a0bae,SE_BSP_087_KLAU_ICEARROW03
014_battle_SP_character,30,0xeeafcf30,SE_BSP_088_KLAU_ICEARROW04
014_battle_SP_character,31,0x0f631672,SE_BSP_089_KLAU_AURA
014_battle_SP_character,32,0x25b58ed0,SE_BSP_090_KLAU_CIRCLE_DESTROY
014_battle_SP_character,33,0x90352705,SE_BSP_091_KLAU_LIGHTWING
014_battle_SP_character,34,0x91e18065,SE_BSP_092_KLAU_BIG_SHINEARROW01
014_battle_SP_character,35,0xa49def27,SE_BSP_093_KLAU_BIG_SHINEARROW02
014_battle_SP_character,36,0x8fa0cdbc,SE_BSP_094_KLAU_FINISH
014_battle_SP_character,37,0x235afc2e,SE_BSP_095_LENT_SLASH01_HITP
014_battle_SP_character,38,0xb4413dce,SE_BSP_096_LENT_SLASH02_HITP
014_battle_SP_character,39,0x4f0f61fc,SE_BSP_097_LENT_LANDSLIDE
014_battle_SP_character,40,0x12232981,SE_BSP_098_LENT_RED_HEAT
014_battle_SP_character,41,0xd46dda85,SE_BSP_099_LENT_RUB
014_battle_SP_character,42,0xa4339754,SE_BSP_
014_battle_SP_character,43,0x129bf346,SE_BSP_
014_battle_SP_character,44,0x598c86b8,SE_BSP_
014_battle_SP_character,45,0xea72c858,SE_BSP_
014_battle_SP_character,46,0xfd554d3c,SE_BSP_
014_battle_SP_character,47,0x34b00585,SE_BSP_
014_battle_SP_character,48,0xcb6e0b65,SE_BSP_
014_battle_SP_character,49,0xdd173c08,SE_BSP_200_LENT_SLASH01P
014_battle_SP_character,50,0x6dfd7da8,SE_BSP_201_LENT_SLASH02P
014_battle_SP_character,51,0x00a33ae9,SE_BSP_202_LENT_SLASH_ADD
014_battle_SP_character,52,0xff71d0a8,SE_BSP_203_LENT_THUNDER_LOOP
014_battle_SP_character,53,0x4c88b7e4,SE_BSP_204_LENT_ADD_THUNDERP
014_battle_SP_character,54,0x7f9c66c7,SE_BSP_205_LENT_SWORD_THROWP
014_battle_SP_character,55,0x8c750e81,SE_BSP_
014_battle_SP_character,56,0x6b8b5a83,SE_BSP_
014_battle_SP_character,57,0x1336661b,SE_BSP_
014_battle_SP_character,58,0xf4c572f2,SE_BSP_
014_battle_SP_character,59,0x3a5b7052,SE_BSP_
014_battle_SP_character,60,0x631539c0,SE_BSP_
014_battle_SP_character,61,0x649df411,SE_BSP_
014_battle_SP_character,62,0x80086171,SE_BSP_
014_battle_SP_character,63,0x676eaf78,SE_BSP_
014_battle_SP_character,64,0xf854f118,SE_BSP_
014_battle_SP_character,65,0x6191e73f,SE_BSP_
014_battle_SP_character,66,0xfb062b26,SE_BSP_210_TAO_SLASH01
014_battle_SP_character,67,0xda1c7728,SE_BSP_211_TAO_SLASH02
014_battle_SP_character,68,0x1f91a756,SE_BSP_212_TAO_ADD_FIREP
014_battle_SP_character,69,0x5db4ca97,SE_BSP_213_TAO_KNIFE_THROW
014_battle_SP_character,70,0x3371dc36,SE_BSP_
014_battle_SP_character,71,0xaa08fe2f,SE_BSP_
014_battle_SP_character,72,0xac79bfc6,SE_BSP_
014_battle_SP_character,73,0xe1bdadfa,SE_BSP_
014_battle_SP_character,74,0xaff3717c,SE_BSP_
014_battle_SP_character,75,0x45bbff35,SE_BSP_
014_battle_SP_character,76,0xcb71b955,SE_BSP_
014_battle_SP_character,77,0xfa266bd3,SE_BSP_
014_battle_SP_character,78,0x6f41e349,SE_BSP_
014_battle_SP_character,79,0x1e1d3fe2,SE_BSP_
014_battle_SP_character,80,0x68ef3bef,SE_BSP_
014_battle_SP_character,81,0x943608f3,SE_BSP_
014_battle_SP_character,82,0x09b682ed,SE_BSP_
014_battle_SP_character,83,0xcb996847,SE_BSP_220_PAT_THRUST_RUSH
014_battle_SP_character,84,0x13dd169f,SE_BSP_
014_battle_SP_character,85,0xf2f362a1,SE_BSP_
014_battle_SP_character,86,0x5ecc7f8a,SE_BSP_
014_battle_SP_character,87,0x7a36ecea,SE_BSP_
014_battle_SP_character,88,0x095bed44,SE_BSP_
014_battle_SP_character,89,0x9a422ee4,SE_BSP_
014_battle_SP_character,90,0xf1c58987,SE_BSP_
014_battle_SP_character,91,0x777b43a7,SE_BSP_
014_battle_SP_character,92,0xfd30fdc7,SE_BSP_
014_battle_SP_character,93,0xcfd1077e,SE_BSP_
014_battle_SP_character,94,0x66e5ca02,SE_BSP_
014_battle_SP_character,95,0x83fabca2,SE_BSP_
014_battle_SP_character,96,0xa10faf42,SE_BSP_
014_battle_SP_character,97,0x4c689f17,SE_BSP_
014_battle_SP_character,98,0x47507b59,SE_BSP_
014_battle_SP_character,99,0xabfa2885,SE_BSP_
014_battle_SP_character,100,0x64acd843,SE_BSP_
014_battle_SP_character,101,0xba0c55e0,SE_BSP_
014_battle_SP_character,102,0x6fe3b701,SE_BSP_
014_battle_SP_character,103,0x07cf319e,SE_BSP_
014_battle_SP_character,104,0xfe9c82b2,SE_BSP_
014_battle_SP_character,105,0xa869fdb4,SE_BSP_
014_battle_SP_character,106,0x523778b6,SE_BSP_
014_battle_SP_character,107,0xfc04f3b8,SE_BSP_
014_battle_SP_character,108,0x941153bd,SE_BSP_
014_battle_SP_character,109,0xb3ed68f5,SE_BSP_
014_battle_SP_character,110,0xd1ae5bad,SE_BSP_
014_battle_SP_character,111,0xc1516745,SE_BSP_
014_battle_SP_character,112,0xf7d3d0a6,SE_BSP_
014_battle_SP_character,113,0x9582364c,SE_BSP_
014_battle_SP_character,114,0xe7cd78f6,SE_BSP_
014_battle_SP_character,115,0x44224e20,SE_BSP_
014_battle_SP_character,116,0xe8251092,SE_BSP_
014_battle_SP_character,117,0x0d87e004,SE_BSP_
014_battle_SP_character,118,0x262d5e74,SE_BSP_
014_battle_SP_character,119,0x65cfa10b,SE_BSP_
014_battle_SP_character,120,0xe9615e9b,SE_BSP_
014_battle_SP_character,121,0x6ae5707b,SE_BSP_
014_battle_SP_character,122,0x87fa631b,SE_BSP_
014_battle_SP_character,123,0xc424637c,SE_BSP_
014_battle_SP_character,124,0x388e1c75,SE_BSP_
014_battle_SP_character,125,0x7a628a84,SE_BSP_
014_battle_SP_character,126,0x61f252d3,SE_BSP_
014_battle_SP_character,127,0x0f722f6f,SE_BSP_
014_battle_SP_character,128,0x00515a0f,SE_BSP_001_SHOCK_WAVE
014_battle_SP_character,129,0x46e6a1bf,SE_BSP_002_SHINY_SPLASHP
014_battle_SP_character,130,0xba4accd8,SE_BSP_003_TAIL_SWING
014_battle_SP_character,131,0x42606238,SE_BSP_004_FLASH
014_battle_SP_character,132,0xd3d2aa4b,SE_BSP_005_SHARK_APPEARANCEP
014_battle_SP_character,133,0xb27e539f,SE_BSP_006_SUCTION
014_battle_SP_character,134,0x3e1066eb,SE_BSP_007_ROCK_EXHALE01
014_battle_SP_character,135,0x572566ad,SE_BSP_008_ROCK_EXHALE02
014_battle_SP_character,136,0x19ffd002,SE_BSP_009_SHARK_LAID01P
014_battle_SP_character,137,0xce408737,SE_BSP_010_SHARK_LAID02P
014_battle_SP_character,138,0x75374776,SE_BSP_011_VIBRATION
014_battle_SP_character,139,0x549ee6f3,SE_BSP_012_RESONANCE
014_battle_SP_character,140,0x16333b67,SE_BSP_013_LASTBOSS_DEAD01
014_battle_SP_character,141,0x0c369760,SE_BSP_014_AURA_CANNON
014_battle_SP_character,142,0x36c77421,SE_BSP_015_TWIN_SWORD01P
014_battle_SP_character,143,0xc7adb5c1,SE_BSP_016_TWIN_SWORD02P
014_battle_SP_character,144,0x0a06eab5,SE_BSP_017_NEEDLE_SHOT01
014_battle_SP_character,145,0x231bea77,SE_BSP_018_NEEDLE_SHOT02
014_battle_SP_character,146,0x5829fea6,SE_BSP_019_SHINY_SPEAR01
014_battle_SP_character,147,0x949973fd,SE_BSP_020_SHINY_SPEAR02
014_battle_SP_character,148,0xadae73bf,SE_BSP_021_SHINY_SPEAR03
014_battle_SP_character,149,0xaee90a86,SE_BSP_022_LASTBOSS_DEAD02
014_battle_SP_character,150,0x5951ad9f,SE_BSP_023_SHEEP_SPIN
014_battle_SP_character,151,0xee3966b4,SE_BSP_024_SHEEP_ROAR
014_battle_SP_character,152,0x25b4ac1e,SE_BSP_025_OSTRICH_FURYP
014_battle_SP_character,153,0x7848ade6,SE_BSP_026_OSTRICH_STOMP
014_battle_SP_character,154,0x5164dcf3,SE_BSP_027_BEAST_FIRE
014_battle_SP_character,155,0xb6201c15,SE_BSP_028_BEAST_TORNADE
014_battle_SP_character,156,0xe371d556,SE_BSP_029_BEAST_SCALE01
014_battle_SP_character,157,0x1fe14aad,SE_BSP_030_BEAST_SCALE02
014_battle_SP_character,158,0x4ee41edd,SE_BSP_031_BEAST_SLAM
014_battle_SP_character,159,0x26f7703f,SE_BSP_032_GUARDIAN_STEP_ONP
014_battle_SP_character,160,0x90882bbc,SE_BSP_033_GUARDIAN_LIGHT
014_battle_SP_character,161,0x2160da61,SE_BSP_034_GUARDIAN_CONVERGENCE01
014_battle_SP_character,162,0x61eac3a3,SE_BSP_035_GUARDIAN_BEAM
014_battle_SP_character,163,0x9bceb1e1,SE_BSP_036_GURADIAN_PILLAR
014_battle_SP_character,164,0x1d2eb6c3,SE_BSP_037_GUARDIAN_CONVERGENCE02
014_battle_SP_character,165,0x7e17d72b,SE_BSP_038_GUARDIAN_CLEAVE
014_battle_SP_character,166,0x09a56e25,SE_BSP_039_GUARDIAN_COLLAPSE
014_battle_SP_character,167,0x5d1107bb,SE_BSP_040_GUARDIAN_STEP_INTO
014_battle_SP_character,168,0xfe14a953,SE_BSP_041_GUARDIAN_DRAW
014_battle_SP_character,169,0xb6d42272,SE_BSP_042_GUARDIAN_DOWN
014_battle_SP_character,170,0x669e4e6f,SE_BSP_043_ANCIENT_ABSORB
014_battle_SP_character,171,0xea415c15,SE_BSP_044_ANCIENT_HEALP
014_battle_SP_character,172,0x01897229,SE_BSP_045_ANCIENT_CLEAVE01P
014_battle_SP_character,173,0x873f2c49,SE_BSP_046_ANCIENT_CLEAVE02P
014_battle_SP_character,174,0x3191edc0,SE_BSP_047_ANCIENT_CURVATURE01
014_battle_SP_character,175,0xdb5f68c2,SE_BSP_048_ANCIENT_CURVATURE02
014_battle_SP_character,176,0x93681ece,SE_BSP_049_ANCIENT_PURGE01
014_battle_SP_character,177,0x84f857e5,SE_BSP_050_ANCIENT_PURGE02
014_battle_SP_character,178,0x6ea72d4e,SE_BSP_051_ANCIENT_MAGIC_RELEASE
014_battle_SP_character,179,0xdd14ec13,SE_BSP_052_ANCIENT_GRAVITY_GENERATE01
014_battle_SP_character,180,0xd34c3b73,SE_BSP_053_ANCIENT_GRAVITY_GENERATE02
014_battle_SP_character,181,0x7f548ad8,SE_BSP_054_ANCIENT_GRAVITY_GROWX
014_battle_SP_character,182,0x902d2b96,SE_BSP_055_ANCIENT_GRAVITY_FIREX
014_battle_SP_character,183,0x7dffd679,SE_BSP_056_ANCIENT_GRAVITY_BLUST
014_battle_SP_character,184,0xe212c3ed,SE_BSP_057_ANCIENT_BLOWP
014_battle_SP_character,185,0xd959d2b2,SE_BSP_058_ANCIENT_ROARP
014_battle_SP_character,186,0xc3db0b46,SE_BSP_059_ANCIENT_FALLP
014_battle_SP_character,187,0x75772b4b,SE_BSP_
014_battle_SP_character,188,0x0a5bde0c,SE_BSP_
014_battle_SP_character,189,0x9f4090cd,SE_BSP_
014_battle_SP_character,190,0x3425438e,SE_BSP_
014_battle_SP_character,191,0xc909f64f,SE_BSP_
014_battle_SP_character,192,0x162dd166,SE_BSP_
014_battle_SP_character,193,0x3ff736e8,SE_BSP_
014_battle_SP_character,194,0xd4dbe9a9,SE_BSP_
014_battle_SP_character,195,0x69c09c6a,SE_BSP_
014_battle_SP_character,196,0xfea54f2b,SE_BSP_
014_battle_SP_character,197,0x938a01ec,SE_BSP_
014_battle_SP_character,198,0x286eb4ad,SE_BSP_
014_battle_SP_character,199,0xbd53676e,SE_BSP_
014_battle_SP_character,200,0x75928fc4,SE_BSP_
014_battle_SP_character,201,0x0a774285,SE_BSP_
014_battle_SP_character,202,0x9f5bf546,SE_BSP_
014_battle_SP_character,203,0x3440a807,SE_BSP_
014_battle_SP_character,204,0xc9255ac8,SE_BSP_
014_battle_SP_character,205,0x5e0a0d89,SE_BSP_
014_battle_SP_character,206,0xf2eec04a,SE_BSP_
014_battle_SP_character,207,0x87d3730b,SE_BSP_
014_battle_SP_character,208,0x1cb825cc,SE_BSP_
014_battle_SP_character,209,0xb19cd88d,SE_BSP_
014_battle_SP_character,210,0xf09e3534,SE_BSP_206_DUMMY
014_battle_SP_character,211,0x8582e7f5,SE_BSP_207_DUMMY
014_battle_SP_character,212,0x1a679ab6,SE_BSP_208_DUMMY
014_battle_SP_character,213,0xaf4c4d77,SE_BSP_209_DUMMY
014_battle_SP_character,214,0xbb1e40d1,SE_BSP_214_DUMMY
014_battle_SP_character,215,0x5002f392,SE_BSP_215_DUMMY
014_battle_SP_character,216,0xe4e7a653,SE_BSP_216_DUMMY
014_battle_SP_character,217,0x79cc5914,SE_BSP_217_DUMMY
014_battle_SP_character,218,0x0eb10bd5,SE_BSP_218_DUMMY
014_battle_SP_character,219,0xa395be96,SE_BSP_219_DUMMY
014_battle_SP_character,220,0xf0b999ad,SE_BSP_221_DUMMY
014_battle_SP_character,221,0x859e4c6e,SE_BSP_222_DUMMY
014_battle_SP_character,222,0x1a82ff2f,SE_BSP_223_DUMMY
014_battle_SP_character,223,0xaf67b1f0,SE_BSP_224_DUMMY
014_battle_SP_character,224,0x444c64b1,SE_BSP_225_DUMMY
014_battle_SP_character,225,0xd9311772,SE_BSP_226_DUMMY
014_battle_SP_character,226,0x6e15ca33,SE_BSP_227_DUMMY
014_battle_SP_character,227,0x02fa7cf4,SE_BSP_228_DUMMY
014_battle_SP_character,228,0x97df2fb5,SE_BSP_229_DUMMY
014_battle_SP_character,229,0x501e580b,SE_BSP_230_DUMMY
014_battle_SP_character,230,0xe5030acc,SE_BSP_231_DUMMY
014_battle_SP_character,231,0x79e7bd8d,SE_BSP_232_DUMMY
014_battle_SP_character,232,0x0ecc704e,SE_BSP_233_DUMMY
014_battle_SP_character,233,0xa3b1230f,SE_BSP_234_DUMMY
014_battle_SP_character,234,0x3895d5d0,SE_BSP_235_DUMMY
014_battle_SP_character,235,0xcd7a8891,SE_BSP_236_DUMMY
014_battle_SP_character,236,0x625f3b52,SE_BSP_237_DUMMY
014_battle_SP_character,237,0xf743ee13,SE_BSP_238_DUMMY
014_battle_SP_character,238,0x8c28a0d4,SE_BSP_239_DUMMY
014_battle_SP_character,239,0x4467c92a,SE_BSP_240_DUMMY
014_battle_SP_character,240,0xd94c7beb,SE_BSP_241_DUMMY
014_battle_SP_character,241,0x6e312eac,SE_BSP_242_DUMMY
014_battle_SP_character,242,0x0315e16d,SE_BSP_243_DUMMY
014_battle_SP_character,243,0x97fa942e,SE_BSP_244_DUMMY
014_battle_SP_character,244,0x2cdf46ef,SE_BSP_245_DUMMY
014_battle_SP_character,245,0xc1c3f9b0,SE_BSP_246_DUMMY
014_battle_SP_character,246,0x56a8ac71,SE_BSP_247_DUMMY
014_battle_SP_character,247,0xeb8d5f32,SE_BSP_248_DUMMY
014_battle_SP_character,248,0x807211f3,SE_BSP_249_DUMMY
014_battle_SP_character,249,0x38b13a49,SE_BSP_250_DUMMY
014_battle_SP_character,250,0x719638f2,SE_BSP_060_RYZA_WAND01_a
014_battle_SP_character,251,0xf5c685f3,SE_BSP_060_RYZA_WAND01_b
014_battle_SP_character,252,0x79f6d2f4,SE_BSP_060_RYZA_WAND01_c
014_battle_SP_character,253,0x50ac84f4,SE_BSP_061_RYZA_WAND02_a
014_battle_SP_character,254,0xd4dcd1f5,SE_BSP_061_RYZA_WAND02_b
014_battle_SP_character,255,0x590d1ef6,SE_BSP_061_RYZA_WAND02_c
014_battle_SP_character,256,0x9ade1e35,SE_BSP_061_RYZA_WAND03_a
014_battle_SP_character,257,0x1f0e6b36,SE_BSP_061_RYZA_WAND03_b
014_battle_SP_character,258,0x1e8e113f,SE_BSP_067_RYZA_KICK01_a
014_battle_SP_character,259,0xa2be5e40,SE_BSP_067_RYZA_KICK01_b
014_battle_SP_character,260,0x26eeab41,SE_BSP_067_RYZA_KICK01_c
014_battle_SP_character,261,0x68bfaa80,SE_BSP_067_RYZA_KICK02_a
014_battle_SP_character,262,0xeceff781,SE_BSP_067_RYZA_KICK02_b
014_battle_SP_character,263,0x3aab98cd,SE_BSP_068_RYZA_RAIN_a
014_battle_SP_character,264,0x84dd320e,SE_BSP_068_RYZA_RAIN_b
014_battle_SP_character,265,0x601f8965,SE_BSP_
014_battle_SP_character,266,0x896f6de6,SE_BSP_
014_battle_SP_character,267,0x0d8e16c5,SE_BSP_
014_battle_SP_character,268,0x0e3ac264,SE_BSP_
014_battle_SP_character,269,0x6bc52e51,SE_BSP_079_KLAU_SHINEARROW01_a
014_battle_SP_character,270,0x80adf692,SE_BSP_079_KLAU_SHINEARROW01_b
014_battle_SP_character,271,0x4d543b28,SE_BSP_080_KLAU_SHINEARROW02_a
014_battle_SP_character,272,0x623d0369,SE_BSP_080_KLAU_SHINEARROW02_b
014_battle_SP_character,273,0x0b88d26a,SE_BSP_081_KLAU_SHINEARROW03_a
014_battle_SP_character,274,0x20719aab,SE_BSP_081_KLAU_SHINEARROW03_b
014_battle_SP_character,275,0x425533c4,SE_BSP_082_KLAU_WINDARROW01_a
014_battle_SP_character,276,0x4301df63,SE_BSP_082_KLAU_WINDARROW01_b
014_battle_SP_character,277,0xc80aede4,SE_BSP_083_KLAU_WINDARROW02_a
014_battle_SP_character,278,0xc8b79983,SE_BSP_083_KLAU_WINDARROW02_b
014_battle_SP_character,279,0x88e5d5cc,SE_BSP_085_KLAU_ICEARROW01_a
014_battle_SP_character,280,0xb235ba4d,SE_BSP_085_KLAU_ICEARROW01_b
014_battle_SP_character,281,0x571b994e,SE_BSP_086_KLAU_ICEARROW02_a
014_battle_SP_character,282,0x806b7dcf,SE_BSP_086_KLAU_ICEARROW02_b
014_battle_SP_character,283,0xb8cec9cb,SE_BAL_022_KLEID_REFERUN
014_battle_SP_character,284,0xb96dcf4c,SE_BSP_095_LENT_SLASH01_HIT_a
014_battle_SP_character,285,0xba1a7aeb,SE_BSP_095_LENT_SLASH01_HIT_b
014_battle_SP_character,286,0xbac7268a,SE_BSP_095_LENT_SLASH01_HIT_c
014_battle_SP_character,287,0xbb73d229,SE_BSP_095_LENT_SLASH01_HIT_d
014_battle_SP_character,288,0x7062aba5,SE_BSP_
014_battle_SP_character,289,0x99b29026,SE_BSP_
014_battle_SP_character,290,0xc30274a7,SE_BSP_
014_battle_SP_character,291,0x4fb70e03,SE_BSP_
014_battle_SP_character,292,0x40881562,SE_BSP_
014_battle_SP_character,293,0x9e5c4e26,SE_BSP_200_LENT_SLASH01_a
014_battle_SP_character,294,0xa035a145,SE_BSP_200_LENT_SLASH01_b
014_battle_SP_character,295,0xa20ef464,SE_BSP_200_LENT_SLASH01_c
014_battle_SP_character,296,0x2f428fc6,SE_BSP_201_LENT_SLASH02_a
014_battle_SP_character,297,0x311be2e5,SE_BSP_201_LENT_SLASH02_b
014_battle_SP_character,298,0x32f53604,SE_BSP_201_LENT_SLASH02_c
014_battle_SP_character,299,0xa493fc46,SE_BSP_201_LENT_SLASH02_add@
014_battle_SP_character,300,0x84ec3d87,SE_BSP_202_LENT_SLASH_ADD_a@
014_battle_SP_character,301,0x75bd44e6,SE_BSP_202_LENT_SLASH_ADD_b@
014_battle_SP_character,302,0xe29b8b02,SE_BSP_204_LENT_ADD_THUNDER_a
014_battle_SP_character,303,0xe34836a1,SE_BSP_204_LENT_ADD_THUNDER_b
014_battle_SP_character,304,0x3f7df6bd,SE_BSP_
014_battle_SP_character,305,0x5466befe,SE_BSP_
014_battle_SP_character,306,0x210d0394,SE_BSP_
014_battle_SP_character,307,0x35f5cbd5,SE_BSP_
014_battle_SP_character,308,0x8108f1ee,SE_BSP_
014_battle_SP_character,309,0x7d0a80cd,SE_BSP_
014_battle_SP_character,310,0x8507630f,SE_BSP_
014_battle_SP_character,311,0x28b3c196,SE_BSP_
014_battle_SP_character,312,0x2a8d14b5,SE_BSP_
014_battle_SP_character,313,0x22d6f95d,SE_BSP_
014_battle_SP_character,314,0x24b04c7c,SE_BSP_
014_battle_SP_character,315,0x26899f9b,SE_BSP_
014_battle_SP_character,316,0x95e75d48,SE_BSP_210_TAO_SLASH01_a
014_battle_SP_character,317,0x1a17aa49,SE_BSP_210_TAO_SLASH01_b
014_battle_SP_character,318,0x9e47f74a,SE_BSP_210_TAO_SLASH01_c
014_battle_SP_character,319,0x74fda94a,SE_BSP_211_TAO_SLASH02_a
014_battle_SP_character,320,0xf92df64b,SE_BSP_211_TAO_SLASH02_b
014_battle_SP_character,321,0xe0d6b974,SE_BSP_212_TAO_ADD_FIRE_a
014_battle_SP_character,322,0xe2b00c93,SE_BSP_212_TAO_ADD_FIRE_b
014_battle_SP_character,323,0xe4895fb2,SE_BSP_212_TAO_ADD_FIRE_c
014_battle_SP_character,324,0x628c1bb9,SE_BSP_213_TAO_KNIFE_THROW_a
014_battle_SP_character,325,0x8bdc003a,SE_BSP_213_TAO_KNIFE_THROW_b
014_battle_SP_character,326,0xb52be4bb,SE_BSP_213_TAO_KNIFE_THROW_c
014_battle_SP_character,327,0x44ea3051,SE_BSP_
014_battle_SP_character,328,0xc91a7d52,SE_BSP_
014_battle_SP_character,329,0x475af1e8,SE_BSP_
014_battle_SP_character,330,0xcb8b3ee9,SE_BSP_
014_battle_SP_character,331,0xdbced253,SE_BSP_
014_battle_SP_character,332,0xdc7b7df2,SE_BSP_
014_battle_SP_character,333,0x61848c73,SE_BSP_
014_battle_SP_character,334,0x62313812,SE_BSP_
014_battle_SP_character,335,0xed383e8d,SE_BSP_
014_battle_SP_character,336,0xde0945ec,SE_BSP_
014_battle_SP_character,337,0xd070b969,SE_BSP_220_PAT_THRUST_RUSH_a
014_battle_SP_character,338,0xf9c09dea,SE_BSP_220_PAT_THRUST_RUSH_b
014_battle_SP_character,339,0xcaa0ff62,SE_BSP_
014_battle_SP_character,340,0xcc7a5281,SE_BSP_
014_battle_SP_character,341,0x5b874102,SE_BSP_
014_battle_SP_character,342,0x5d609421,SE_BSP_
014_battle_SP_character,343,0x87d85ca5,SE_BSP_
014_battle_SP_character,344,0x88850844,SE_BSP_
014_battle_SP_character,345,0x8931b3e3,SE_BSP_
014_battle_SP_character,346,0x9343d0e5,SE_BSP_
014_battle_SP_character,347,0x93f07c84,SE_BSP_
014_battle_SP_character,348,0x6012d0c0,SE_BSP_
014_battle_SP_character,349,0x9d3294df,SE_BSP_
014_battle_SP_character,350,0x7d27c360,SE_BSP_
014_battle_SP_character,351,0xba47877f,SE_BSP_
014_battle_SP_character,352,0xd0b1a1b5,SE_BSP_
014_battle_SP_character,353,0xc182a914,SE_BSP_
014_battle_SP_character,354,0xb253b073,SE_BSP_
014_battle_SP_character,355,0xaeadacfb,SE_BSP_
014_battle_SP_character,356,0xe7febdbc,SE_BSP_
014_battle_SP_character,357,0x214fce7d,SE_BSP_
014_battle_SP_character,358,0x88123ca3,SE_BSP_
014_battle_SP_character,359,0x0251c4e1,SE_BSP_
014_battle_SP_character,360,0x53431359,SE_BAL_043_HIT_THUN_02
014_battle_SP_character,361,0x9d52c865,SE_BSP_
014_battle_SP_character,362,0x1b2a8466,SE_BSP_
014_battle_SP_character,363,0x99024067,SE_BSP_
014_battle_SP_character,364,0x16b6d97e,SE_BSP_
014_battle_SP_character,365,0x9ee7195d,SE_BSP_
014_battle_SP_character,366,0x2717593c,SE_BSP_
014_battle_SP_character,367,0x74bb0823,SE_BSP_
014_battle_SP_character,368,0x9e0aeca4,SE_BSP_
014_battle_SP_character,369,0xc75ad125,SE_BSP_
014_battle_SP_character,370,0x407521c0,SE_BSP_
014_battle_SP_character,371,0xbe4cddc1,SE_BSP_
014_battle_SP_character,372,0xe8d3115b,SE_BSP_025_OSTRICH_FURY_b
014_battle_SP_character,373,0xe6f9be3c,SE_BSP_025_OSTRICH_FURY_a
014_battle_SP_character,374,0x4acf06f8,SE_BSP_029_BEAST_SCALE01_a
014_battle_SP_character,375,0x842017b9,SE_BSP_029_BEAST_SCALE01_b
014_battle_SP_character,376,0xc08f8d10,SE_BSP_030_BEAST_SCALE02_b
014_battle_SP_character,377,0x873e7c4f,SE_BSP_030_BEAST_SCALE02_a
015_battle_character,0,0x61c5af9e,SE_BCH_001_RYZA01
015_battle_character,1,0xbb3c447e,SE_BCH_002_RYZA02
015_battle_character,2,0x363cafb8,SE_BCH_003_RYZA_BLAZE_RUSH03
015_battle_character,3,0x6e296e3e,SE_BCH_004_RYZA04
015_battle_character,4,0x83188ce0,SE_BCH_005_RYZA_SHINING BLAST02X
015_battle_character,5,0xa02d7f80,SE_BCH_006_RYZA_SHINING BLAST03X
015_battle_character,6,0xda10ed6d,SE_BCH_007_RYZA_WIND01
015_battle_character,7,0xd403c1be,SE_BCH_008_RYZA08
015_battle_character,8,0x983d8571,SE_BCH_009_RYZA_WIND03
015_battle_character,9,0x4d4269de,SE_BCH_010_RYZA10
015_battle_character,10,0xa6b8febe,SE_BCH_011_RYZA11
015_battle_character,11,0x002f939e,SE_BCH_012_RYZA12
015_battle_character,12,0x59a6287e,SE_BCH_013_RYZA13
015_battle_character,13,0xb31cbd5e,SE_BCH_014_RYZA14
015_battle_character,14,0x0c93523e,SE_BCH_015_RYZA15
015_battle_character,15,0x6609e71e,SE_BCH_016_RYZA16
015_battle_character,16,0xbf807bfe,SE_BCH_017_RYZA17
015_battle_character,17,0x18f710de,SE_BCH_018_RYZA18
015_battle_character,18,0x726da5be,SE_BCH_019_RYZA19
015_battle_character,19,0x9235b8fe,SE_BCH_020_RYZA20
015_battle_character,20,0x25781c55,SE_BCH_021_KLAU01
015_battle_character,21,0x7eeeb135,SE_BCH_022_KLAU02
015_battle_character,22,0xd8654615,SE_BCH_023_KLAU03
015_battle_character,23,0x31dbdaf5,SE_BCH_024_KLAU04
015_battle_character,24,0x8b526fd5,SE_BCH_025_KLAU05
015_battle_character,25,0xe4c904b5,SE_BCH_026_KLAU06
015_battle_character,26,0x3e3f9995,SE_BCH_027_KLAU07
015_battle_character,27,0x97b62e75,SE_BCH_028_KLAU08
015_battle_character,28,0xf12cc355,SE_BCH_029_KLAU09
015_battle_character,29,0x10f4d695,SE_BCH_030_KLAU10
015_battle_character,30,0x6a6b6b75,SE_BCH_031_KLAU11
015_battle_character,31,0xc3e20055,SE_BCH_032_KLAU12
015_battle_character,32,0x1d589535,SE_BCH_033_KLAU13
015_battle_character,33,0x76cf2a15,SE_BCH_034_KLAU14
015_battle_character,34,0xd045bef5,SE_BCH_035_KLAU15
015_battle_character,35,0x29bc53d5,SE_BCH_036_KLAU16
015_battle_character,36,0x8332e8b5,SE_BCH_037_KLAU17
015_battle_character,37,0xdca97d95,SE_BCH_038_KLAU18
015_battle_character,38,0x36201275,SE_BCH_039_KLAU19
015_battle_character,39,0x55e825b5,SE_BCH_040_KLAU20
015_battle_character,40,0x7e100929,SE_BCH_041_LENT01
015_battle_character,41,0xd7869e09,SE_BCH_042_LENT02
015_battle_character,42,0x30fd32e9,SE_BCH_043_LENT03
015_battle_character,43,0x8a73c7c9,SE_BCH_044_LENT04
015_battle_character,44,0xe3ea5ca9,SE_BCH_045_LENT05
015_battle_character,45,0x3d60f189,SE_BCH_046_LENT06
015_battle_character,46,0x96d78669,SE_BCH_047_LENT07
015_battle_character,47,0xf04e1b49,SE_BCH_048_LENT08
015_battle_character,48,0x49c4b029,SE_BCH_049_LENT09
015_battle_character,49,0x698cc369,SE_BCH_050_LENT10
015_battle_character,50,0xc3035849,SE_BCH_051_LENT11
015_battle_character,51,0x1c79ed29,SE_BCH_052_LENT12
015_battle_character,52,0x75f08209,SE_BCH_053_LENT13
015_battle_character,53,0xcf6716e9,SE_BCH_054_LENT14
015_battle_character,54,0x28ddabc9,SE_BCH_055_LENT15
015_battle_character,55,0x825440a9,SE_BCH_056_LENT16
015_battle_character,56,0xdbcad589,SE_BCH_057_LENT17
015_battle_character,57,0x35416a69,SE_BCH_058_LENT18
015_battle_character,58,0x8eb7ff49,SE_BCH_059_LENT19
015_battle_character,59,0xae801289,SE_BCH_060_LENT20
015_battle_character,60,0xa559c5ea,SE_BCH_061_TAO01
015_battle_character,61,0x8ae856ac,SE_BCH_062_TAO02
015_battle_character,62,0x7076e76e,SE_BCH_063_TAO03
015_battle_character,63,0x56057830,SE_BCH_064_TAO04
015_battle_character,64,0x3b9408f2,SE_BCH_065_TAO05
015_battle_character,65,0x212299b4,SE_BCH_066_TAO06
015_battle_character,66,0x06b12a76,SE_BCH_067_TAO07
015_battle_character,67,0xec3fbb38,SE_BCH_068_TAO08
015_battle_character,68,0xd1ce4bfa,SE_BCH_069_TAO09
015_battle_character,69,0x95a68426,SE_BCH_070_TAO10
015_battle_character,70,0x7b3514e8,SE_BCH_071_TAO11
015_battle_character,71,0x60c3a5aa,SE_BCH_072_TAO12
015_battle_character,72,0x4652366c,SE_BCH_073_TAO13
015_battle_character,73,0x2be0c72e,SE_BCH_074_TAO14
015_battle_character,74,0x116f57f0,SE_BCH_075_TAO15
015_battle_character,75,0xf6fde8b2,SE_BCH_076_TAO16
015_battle_character,76,0xdc8c7974,SE_BCH_077_TAO17
015_battle_character,77,0xc21b0a36,SE_BCH_078_TAO18
015_battle_character,78,0xa7a99af8,SE_BCH_079_TAO19
015_battle_character,79,0x6b81d324,SE_BCH_080_TAO20
015_battle_character,80,0x9529a169,SE_BCH_081_PAT01
015_battle_character,81,0x7ab8322b,SE_BCH_082_PAT02
015_battle_character,82,0x6046c2ed,SE_BCH_083_PAT03
015_battle_character,83,0x45d553af,SE_BCH_084_PAT04
015_battle_character,84,0x2b63e471,SE_BCH_085_PAT05
015_battle_character,85,0x10f27533,SE_BCH_086_PAT06
015_battle_character,86,0xf68105f5,SE_BCH_087_PAT07
015_battle_character,87,0xdc0f96b7,SE_BCH_088_PAT08
015_battle_character,88,0xc19e2779,SE_BCH_089_PAT09
015_battle_character,89,0x85765fa5,SE_BCH_090_PAT10
015_battle_character,90,0x6b04f067,SE_BCH_091_PAT11
015_battle_character,91,0x50938129,SE_BCH_092_PAT12
015_battle_character,92,0x362211eb,SE_BCH_093_PAT13
015_battle_character,93,0x1bb0a2ad,SE_BCH_094_PAT14
015_battle_character,94,0x013f336f,SE_BCH_095_PAT15
015_battle_character,95,0xe6cdc431,SE_BCH_096_PAT16
015_battle_character,96,0xcc5c54f3,SE_BCH_097_PAT17
015_battle_character,97,0xb1eae5b5,SE_BCH_098_PAT18
015_battle_character,98,0x97797677,SE_BCH_099_PAT19
015_battle_character,99,0x64b7b26e,SE_BCH_
015_battle_character,100,0xf460c707,SE_BCH_
015_battle_character,101,0x4dd75be7,SE_BCH_
015_battle_character,102,0xa74df0c7,SE_BCH_
015_battle_character,103,0x00c485a7,SE_BCH_
015_battle_character,104,0x5a3b1a87,SE_BCH_
015_battle_character,105,0xb3b1af67,SE_BCH_
015_battle_character,106,0x0d284447,SE_BCH_
015_battle_character,107,0x669ed927,SE_BCH_
015_battle_character,108,0xc0156e07,SE_BCH_
015_battle_character,109,0xdfdd8147,SE_BCH_
015_battle_character,110,0x39541627,SE_BCH_
015_battle_character,111,0x92caab07,SE_BCH_
015_battle_character,112,0xec413fe7,SE_BCH_
015_battle_character,113,0x45b7d4c7,SE_BCH_
015_battle_character,114,0x9f2e69a7,SE_BCH_
015_battle_character,115,0xf8a4fe87,SE_BCH_
015_battle_character,116,0x521b9367,SE_BCH_
015_battle_character,117,0xab922847,SE_BCH_
015_battle_character,118,0x0508bd27,SE_BCH_
015_battle_character,119,0x24d0d067,SE_BCH_
015_battle_character,120,0x6c5a5cc3,SE_BCH_
015_battle_character,121,0xe8e0e5e3,SE_BCH_
015_battle_character,122,0x65676f03,SE_BCH_
015_battle_character,123,0xe1edf823,SE_BCH_
015_battle_character,124,0x5e748143,SE_BCH_
015_battle_character,125,0xdafb0a63,SE_BCH_
015_battle_character,126,0x57819383,SE_BCH_
015_battle_character,127,0xd4081ca3,SE_BCH_
015_battle_character,128,0x508ea5c3,SE_BCH_
015_battle_character,129,0xb1c7a683,SE_BCH_
015_battle_character,130,0x2e4e2fa3,SE_BCH_
015_battle_character,131,0xaad4b8c3,SE_BCH_
015_battle_character,132,0x275b41e3,SE_BCH_
015_battle_character,133,0xa3e1cb03,SE_BCH_
015_battle_character,134,0x20685423,SE_BCH_
015_battle_character,135,0x9ceedd43,SE_BCH_
015_battle_character,136,0x19756663,SE_BCH_
015_battle_character,137,0x95fbef83,SE_BCH_
015_battle_character,138,0x128278a3,SE_BCH_
015_battle_character,139,0x73bb7963,SE_BCH_
015_battle_character,140,0xbc7ef3de,SE_BCH_501_ANCIENT_AV_ATTACK01
015_battle_character,141,0x664c6ee0,SE_BCH_502_ANCIENT_AV_ATTACK02
015_battle_character,142,0x1019e9e2,SE_BCH_503_ANCIENT_AV_ATTACK03
015_battle_character,143,0xb9e764e4,SE_BCH_504_ANCIENT_AV_ATTACK04
015_battle_character,144,0x63b4dfe6,SE_BCH_505_ANCIENT_AV_ATTACK05
015_battle_character,145,0x66ea6189,SE_BCH_506_ANCIENT_AV_DAMAGE
015_battle_character,146,0xb5d1f2ff,SE_BCH_507_ANCIENT_AV_DEAD
015_battle_character,147,0xe6f8b3bb,SE_BCH_508_ANCIENT_AV_APP
015_battle_character,148,0x00bfc52a,SE_BCH_509_ANCIENT_09
015_battle_character,149,0x36484b24,SE_BCH_510_ANCIENT_MOVE_S
015_battle_character,150,0xbe3bb80c,SE_BCH_511_ANCIENT_MOVE_L
015_battle_character,151,0xc9208b45,SE_BCH_512_ANCIENT_CHARGE_1P
015_battle_character,152,0xfe7e2326,SE_BCH_513_ANCIENT_SWISH
015_battle_character,153,0xe3baf826,SE_BCH_514_ANCIENT_CHARGE_2P
015_battle_character,154,0x1cb50769,SE_BCH_515_ANCIENT_ROCKP
015_battle_character,155,0x81841dfb,SE_BCH_516_ANCIENT_DARK_EXPP
015_battle_character,156,0x0d42ec48,SE_BCH_517_ANCIENT_DARK_HAND
015_battle_character,157,0x5781ad6d,SE_BCH_518_ANCIENT_APP_IMPACT
015_battle_character,158,0xe314b463,SE_BCH_519_ANCIENT_HANDP
015_battle_character,159,0x0bc6ba0a,SE_BCH_520_ANCIENT_20
015_battle_character,160,0x6b7bcffe,SE_BCH_461_BEAST_AV_ATTACK01
015_battle_character,161,0x29b06740,SE_BCH_462_BEAST_AV_ATTACK02
015_battle_character,162,0xe7e4fe82,SE_BCH_463_BEAST_AV_ATTACK03
015_battle_character,163,0xa61995c4,SE_BCH_464_BEAST_AV_ATTACK04
015_battle_character,164,0x644e2d06,SE_BCH_465_BEAST_AV_ATTACK05
015_battle_character,165,0x21cdff29,SE_BCH_466_BEAST_AV_DAMAGE
015_battle_character,166,0xa5d7b9df,SE_BCH_467_BEAST_AV_DEAD
015_battle_character,167,0xec94192a,SE_BCH_468_BEAST_08
015_battle_character,168,0x691aa24a,SE_BCH_469_BEAST_09
015_battle_character,169,0xd2fd0fd8,SE_BCH_470_BEAST_MOVE
015_battle_character,170,0x51e04f1c,SE_BCH_471_BEAST_FOOT
015_battle_character,171,0xa1524a45,SE_BCH_472_BEAST_SWISH
015_battle_character,172,0x8001d398,SE_BCH_473_BEAST_CHARGEP
015_battle_character,173,0x4f9a6aad,SE_BCH_474_BEAST_BREATHP
015_battle_character,174,0x68c2348f,SE_BCH_475_BEAST_CLAW
015_battle_character,175,0xb57ad9ca,SE_BCH_476_BEAST_16
015_battle_character,176,0x320162ea,SE_BCH_477_BEAST_17
015_battle_character,177,0xae87ec0a,SE_BCH_478_BEAST_18
015_battle_character,178,0x2b0e752a,SE_BCH_479_BEAST_19
015_battle_character,179,0x8c4775ea,SE_BCH_480_BEAST_20
015_battle_character,180,0x1c623f0f,SE_BCH_321_BEETLE_AV_ATTACK01
015_battle_character,181,0xb1f39d6f,SE_BCH_322_BEETLE_AV_ATTACK02
015_battle_character,182,0x4784fbcf,SE_BCH_323_BEETLE_AV_ATTACK03
015_battle_character,183,0xdd165a2f,SE_BCH_324_BEETLE_AV_ATTACK04
015_battle_character,184,0x72a7b88f,SE_BCH_325_BEETLE_AV_ATTACK05
015_battle_character,185,0xf255382e,SE_BCH_326_BEETLE_AV_DAMAGEP
015_battle_character,186,0x7cb5e19a,SE_BCH_327_BEETLE_AV_DEAD
015_battle_character,187,0x9ab87911,SE_BCH_328_BEETLE_08
015_battle_character,188,0x3c362153,SE_BCH_329_BEETLE_09
015_battle_character,189,0x04c43272,SE_BCH_330_BEETLE_MOVE01
015_battle_character,190,0x1dd93234,SE_BCH_331_BEETLE_MOVE02
015_battle_character,191,0x1ef94c44,SE_BCH_332_BEETLE_SWINGP
015_battle_character,192,0x299a284f,SE_BCH_333_BEETLE_FIRE_EFECT
015_battle_character,193,0xae2a0153,SE_BCH_334_BEETLE_FOOT01
015_battle_character,194,0xc73f0115,SE_BCH_335_BEETLE_FOOT02
015_battle_character,195,0xe05400d7,SE_BCH_336_BEETLE_FOOT03
015_battle_character,196,0xf9690099,SE_BCH_337_BEETLE_FOOT04
015_battle_character,197,0x76a3c08f,SE_BCH_338_BEETLE_18
015_battle_character,198,0x182168d1,SE_BCH_339_BEETLE_19
015_battle_character,199,0x46a1c5fd,SE_BCH_340_BEETLE_20
015_battle_character,200,0x588957a1,SE_BCH_401_ELEMENT_AV_ATTACK01
015_battle_character,201,0x0256d2a3,SE_BCH_402_ELEMENT_AV_ATTACK02
015_battle_character,202,0xac244da5,SE_BCH_403_ELEMENT_AV_ATTACK03
015_battle_character,203,0x55f1c8a7,SE_BCH_404_ELEMENT_AV_ATTACK04
015_battle_character,204,0xffbf43a9,SE_BCH_405_ELEMENT_AV_ATTACK05
015_battle_character,205,0xa98cbeab,SE_BCH_406_ELEMENT_AV_ATTACK06
015_battle_character,206,0x535a39ad,SE_BCH_407_ELEMENT_AV_ATTACK07
015_battle_character,207,0xfd27b4af,SE_BCH_408_ELEMENT_AV_ATTACK08
015_battle_character,208,0xa6f52fb1,SE_BCH_409_ELEMENT_AV_ATTACK09
015_battle_character,209,0xa3b1f95d,SE_BCH_410_ELEMENT_AV_ATTACK10
015_battle_character,210,0xbfd4db3c,SE_BCH_411_ELEMENT_MOVEP
015_battle_character,211,0xae7d4873,SE_BCH_412_ELEMENT_MOVE_STRONG
015_battle_character,212,0x7fa79e75,SE_BCH_413_ELEMENT_SWING_ROD
015_battle_character,213,0xf6a47c48,SE_BCH_414_ELEMENT_MOVE_ROD_OUTX
015_battle_character,214,0x454aba5c,SE_BCH_415_ELEMENT_MOVE_ROD_IN
015_battle_character,215,0x0cd9d0c4,SE_BCH_416_ELEMENT_FOOTP
015_battle_character,216,0x44d0e9b2,SE_BCH_417_ELEMENT_MOVE_ROD_RELEASEX
015_battle_character,217,0xaf3cd33e,SE_BCH_418_ELEMENT_FALLCHAIR
015_battle_character,218,0x9dac8f8d,SE_BCH_419_ELEMENT_19
015_battle_character,219,0xa7d11dcd,SE_BCH_420_ELEMENT_20
015_battle_character,220,0xad669ae4,SE_BCH_481_GUARDIAN_AV_ATTACK01X
015_battle_character,221,0xca7b8d84,SE_BCH_482_GUARDIAN_AV_ATTACK02X
015_battle_character,222,0xe7908024,SE_BCH_483_GUARDIAN_AV_ATTACK03X
015_battle_character,223,0x04a572c4,SE_BCH_484_GUARDIAN_AV_ATTACK04X
015_battle_character,224,0x21ba6564,SE_BCH_485_GUARDIAN_AV_ATTACK05X
015_battle_character,225,0x12682583,SE_BCH_486_GUARDIAN_AV_DAMAGE
015_battle_character,226,0x2da5d02f,SE_BCH_487_GUARDIAN_AV_DEADP
015_battle_character,227,0x7bc21226,SE_BCH_488_GUARDIAN_08
015_battle_character,228,0x5ad85e28,SE_BCH_489_GUARDIAN_09
015_battle_character,229,0xfa0b9646,SE_BCH_490_GUARDIAN_MOVE
015_battle_character,230,0xfb4ec83c,SE_BCH_491_GUARDIAN_SWISH
015_battle_character,231,0x0401167e,SE_BCH_492_GUARDIAN_GROUND
015_battle_character,232,0xe5db2f26,SE_BCH_493_GUARDIAN_FOOT
015_battle_character,233,0xc7f57ac1,SE_BCH_494_GUARDIAN_CHARGE_S
015_battle_character,234,0xdd13ddf4,SE_BCH_495_GUARDIAN_SHOT
015_battle_character,235,0xd08fa0bc,SE_BCH_496_GUARDIAN_CHARGE_L
015_battle_character,236,0x7f2b38db,SE_BCH_497_GUARDIAN_APPP
015_battle_character,237,0xf6913de4,SE_BCH_498_GUARDIAN_18
015_battle_character,238,0xd5a789e6,SE_BCH_499_GUARDIAN_19
015_battle_character,239,0x82140d5d,SE_BCH_500_GUARDIAN_20
015_battle_character,240,0x2455ede0,SE_BCH_221_KNIGHT_01
015_battle_character,241,0xc5d39622,SE_BCH_222_KNIGHT_02
015_battle_character,242,0x67513e64,SE_BCH_223_KNIGHT_03
015_battle_character,243,0x08cee6a6,SE_BCH_224_KNIGHT_04
015_battle_character,244,0xaa4c8ee8,SE_BCH_225_KNIGHT_05
015_battle_character,245,0x4bca372a,SE_BCH_226_KNIGHT_06
015_battle_character,246,0xed47df6c,SE_BCH_227_KNIGHT_07
015_battle_character,247,0xabad65f8,SE_BCH_228_KNIGHT_MOVE01
015_battle_character,248,0xc4c265ba,SE_BCH_229_KNIGHT_MOVE02
015_battle_character,249,0x45210d80,SE_BCH_230_KNIGHT_SWORDP
015_battle_character,250,0xcd17e2ed,SE_BCH_231_KNIGHT_DAMAGE
015_battle_character,251,0x13065ae1,SE_BCH_232_KNIGHT_SWINGP
015_battle_character,252,0x01aec818,SE_BCH_233_KNIGHT_SWING_STRONG
015_battle_character,253,0xf2f58c81,SE_BCH_234_KNIGHT_ATTACK_SHIELDX
015_battle_character,254,0xa9923bb0,SE_BCH_235_KNIGHT_FOOT
015_battle_character,255,0xe61329f8,SE_BCH_236_KNIGHT_HIT_SHIELD
015_battle_character,256,0xe2e09293,SE_BCH_237_KNIGHT_HIT_SLASHP
015_battle_character,257,0x16d94d92,SE_BCH_238_KNIGHT_SWORD_EFECT
015_battle_character,258,0x0c2e776e,SE_BCH_239_KNIGHT_19
015_battle_character,259,0x3aaed49a,SE_BCH_240_KNIGHT_20
015_battle_character,260,0x4237f071,SE_BCH_361_LASTBOSS_A_AV_ATTACK01
015_battle_character,261,0x143c6751,SE_BCH_362_LASTBOSS_A_AV_ATTACK02
015_battle_character,262,0xe640de31,SE_BCH_363_LASTBOSS_A_AV_ATTACK03
015_battle_character,263,0xb8455511,SE_BCH_364_LASTBOSS_A_AV_ATTACK04
015_battle_character,264,0xc46a4e57,SE_BCH_365_LASTBOSS_A_AV_SHOUT
015_battle_character,265,0xace9ac90,SE_BCH_366_LASTBOSS_A_AV_DAMAGEX
015_battle_character,266,0x95c9087c,SE_BCH_367_LASTBOSS_A_AV_DEAD
015_battle_character,267,0x8017539a,SE_BCH_368_LASTBOSS_A_MOVE01_SHORT
015_battle_character,268,0x87ec1b84,SE_BCH_369_LASTBOSS_A_MOVE02_LONG
015_battle_character,269,0xa6dd3d94,SE_BCH_370_LASTBOSS_A_SWING_MOVE
015_battle_character,270,0xf76bbcce,SE_BCH_371_LASTBOSS_A_WING
015_battle_character,271,0x420010c9,SE_BCH_372_LASTBOSS_A_FOOT_FOREFOOTX
015_battle_character,272,0xf844f8ad,SE_BCH_373_LASTBOSS_A_FOOT_BACKX
015_battle_character,273,0xb8421eac,SE_BCH_374_LASTBOSS_A_ATTACK_SLASH
015_battle_character,274,0x7e38cbe1,SE_BCH_375_LASTBOSS_A_ATTACK_NEEDLEX
015_battle_character,275,0x76bcdb29,SE_BCH_376_LASTBOSS_A_ATTACK_SCYTHEX
015_battle_character,276,0x1621a578,SE_BCH_377_LASTBOSS_A_DEATH AURA
015_battle_character,277,0x108c34ec,SE_BCH_378_LASTBOSS_A_DOWN
015_battle_character,278,0x9a001cc4,SE_BCH_379_LASTBOSS_A19P
015_battle_character,279,0xc062d884,SE_BCH_380_LASTBOSS_A20P
015_battle_character,280,0xb1508d4e,SE_BCH_381_LASTBOSS_B_AV_ATTACK01
015_battle_character,281,0x8355042e,SE_BCH_382_LASTBOSS_B_AV_ATTACK02
015_battle_character,282,0x55597b0e,SE_BCH_383_LASTBOSS_B_AV_ATTACK03
015_battle_character,283,0x275df1ee,SE_BCH_384_LASTBOSS_B_AV_ATTACK04
015_battle_character,284,0xf96268ce,SE_BCH_385_LASTBOSS_B_AV_ATTACK05
015_battle_character,285,0x1c02496d,SE_BCH_386_LASTBOSS_B_AV_DAMAGEX
015_battle_character,286,0x04e1a559,SE_BCH_387_LASTBOSS_B_AV_DEAD
015_battle_character,287,0x39b76da1,SE_BCH_388_LASTBOSS_B08P
015_battle_character,288,0x06174ddb,SE_BCH_389_LASTBOSS_B_MOVE01
015_battle_character,289,0x291a438e,SE_BCH_390_LASTBOSS_B_FOOT01
015_battle_character,290,0x155aa3bb,SE_BCH_391_LASTBOSS_B_SWORD_METAL
015_battle_character,291,0x6a7cf306,SE_BCH_392_LASTBOSS_B_SWING_SHORT
015_battle_character,292,0x8e24c01f,SE_BCH_393_LASTBOSS_B_SWING_LONG
015_battle_character,293,0xfbedd267,SE_BCH_394_LASTBOSS_B_SWING_SWORD
015_battle_character,294,0x20d057a2,SE_BCH_395_LASTBOSS_B_SWING_ROLL
015_battle_character,295,0x55db6c47,SE_BCH_396_LASTBOSS_B_DOWN
015_battle_character,296,0xe74c3661,SE_BCH_397_LASTBOSS_B17P
015_battle_character,297,0x78327801,SE_BCH_398_LASTBOSS_B18P
015_battle_character,298,0x0918b9a1,SE_BCH_399_LASTBOSS_B19P
015_battle_character,299,0x38e1792c,SE_BCH_400_LASTBOSS_B20P
015_battle_character,300,0xca1db3a9,SE_BCH_281_MINIDRAGON_AV_ATTACK01
015_battle_character,301,0x9c222a89,SE_BCH_282_MINIDRAGON_AV_ATTACK02
015_battle_character,302,0x6e26a169,SE_BCH_283_MINIDRAGON_AV_ATTACK03
015_battle_character,303,0x402b1849,SE_BCH_284_MINIDRAGON_AV_ATTACK04
015_battle_character,304,0x122f8f29,SE_BCH_285_MINIDRAGON_AV_ATTACK05
015_battle_character,305,0x34cf6fc8,SE_BCH_286_MINIDRAGON_AV_DAMAGEX
015_battle_character,306,0x1daecbb4,SE_BCH_287_MINIDRAGON_AV_DEAD
015_battle_character,307,0xfc24182b,SE_BCH_288_MINIDRAGON_08
015_battle_character,308,0x153917ed,SE_BCH_289_MINIDRAGON_09
015_battle_character,309,0xea6ccd45,SE_BCH_290_MINIDRAGON_WING
015_battle_character,310,0x3d2ca344,SE_BCH_291_MINIDRAGON_SWING_ATTACK
015_battle_character,311,0x7d6fc128,SE_BCH_292_MINIDRAGON_WIND_PRESS
015_battle_character,312,0x6f06195f,SE_BCH_293_MINIDRAGON_13
015_battle_character,313,0x881b1921,SE_BCH_294_MINIDRAGON_14
015_battle_character,314,0xa13018e3,SE_BCH_295_MINIDRAGON_15
015_battle_character,315,0xba4518a5,SE_BCH_296_MINIDRAGON_16
015_battle_character,316,0xd35a1867,SE_BCH_297_MINIDRAGON_17
015_battle_character,317,0xec6f1829,SE_BCH_298_MINIDRAGON_18
015_battle_character,318,0x058417eb,SE_BCH_299_MINIDRAGON_19
015_battle_character,319,0x1d781de2,SE_BCH_300_MINIDRAGON_20
015_battle_character,320,0x57c63018,SE_BCH_201_MINIGOLEM_AV_ATTACK01
015_battle_character,321,0x6a829eda,SE_BCH_202_MINIGOLEM_AV_ATTACK02
015_battle_character,322,0x7d3f0d9c,SE_BCH_203_MINIGOLEM_AV_ATTACK03
015_battle_character,323,0x8ffb7c5e,SE_BCH_204_MINIGOLEM_AV_ATTACK04
015_battle_character,324,0xa2b7eb20,SE_BCH_205_MINIGOLEM_AV_ATTACK05
015_battle_character,325,0x54f53c43,SE_BCH_206_MINIGOLEM_AV_DAMAGE
015_battle_character,326,0x2e9ff479,SE_BCH_207_MINIGOLEM_AV_DEAD
015_battle_character,327,0x313efec4,SE_BCH_208_MINIGOLEM_08P
015_battle_character,328,0xc2254064,SE_BCH_209_MINIGOLEM_09P
015_battle_character,329,0x4927df51,SE_BCH_210_MINIGOLEM_MOVE01P
015_battle_character,330,0xcedd9971,SE_BCH_211_MINIGOLEM_MOVE02P
015_battle_character,331,0x789d6e83,SE_BCH_212_MINIGOLEM_SWING
015_battle_character,332,0x696bc8bd,SE_BCH_213_MINIGOLEM_SWING_ATTACK
015_battle_character,333,0x14472129,SE_BCH_214_MINIGOLEM_SWING_ROLLX
015_battle_character,334,0x13f6673c,SE_BCH_215_MINIGOLEM_ATTACK_ROLL
015_battle_character,335,0x9dc8bc64,SE_BCH_216_MINIGOLEM_ROCK
015_battle_character,336,0x85524f24,SE_BCH_217_MINIGOLEM_ROCK_BIG
015_battle_character,337,0x087b2823,SE_BCH_218_MINIGOLEM_ATTACKP
015_battle_character,338,0xa1356a5a,SE_BCH_219_MINIGOLEM_ATTACK_STRONG
015_battle_character,339,0x27030684,SE_BCH_220_MINIGOLEM_20P
015_battle_character,340,0x7ff89b4d,SE_BCH_441_OSTRICH_AV_ATTACK01
015_battle_character,341,0x29c6164f,SE_BCH_442_OSTRICH_AV_ATTACK02
015_battle_character,342,0xd3939151,SE_BCH_443_OSTRICH_AV_ATTACK03
015_battle_character,343,0x7d610c53,SE_BCH_444_OSTRICH_AV_ATTACK04
015_battle_character,344,0x272e8755,SE_BCH_445_OSTRICH_AV_ATTACK05
015_battle_character,345,0x2a6408f8,SE_BCH_446_OSTRICH_AV_DAMAGE
015_battle_character,346,0x794b9a6e,SE_BCH_447_OSTRICH_AV_DEAD
015_battle_character,347,0xa8ceff39,SE_BCH_448_OSTRICH_08
015_battle_character,348,0xc4396c99,SE_BCH_449_OSTRICH_09
015_battle_character,349,0xb6ece3ea,SE_BCH_450_OSTRICH_FOOTP
015_battle_character,350,0xc64f3bb3,SE_BCH_451_OSTRICH_SCRATCH
015_battle_character,351,0xb5d3112c,SE_BCH_452_OSTRICH_JUMPP
015_battle_character,352,0x209d42f9,SE_BCH_453_OSTRICH_13
015_battle_character,353,0x3c07b059,SE_BCH_454_OSTRICH_14
015_battle_character,354,0x57721db9,SE_BCH_455_OSTRICH_15
015_battle_character,355,0x72dc8b19,SE_BCH_456_OSTRICH_16
015_battle_character,356,0x8e46f879,SE_BCH_457_OSTRICH_17
015_battle_character,357,0xa9b165d9,SE_BCH_458_OSTRICH_18
015_battle_character,358,0xc51bd339,SE_BCH_459_OSTRICH_19
015_battle_character,359,0xcf406179,SE_BCH_460_OSTRICH_20
015_battle_character,360,0x037a1c56,SE_BCH_
015_battle_character,361,0x892fd676,SE_BCH_
015_battle_character,362,0x0ee59096,SE_BCH_
015_battle_character,363,0x949b4ab6,SE_BCH_
015_battle_character,364,0x1a5104d6,SE_BCH_
015_battle_character,365,0x3ce823f5,SE_BCH_
015_battle_character,366,0x3c9c7c21,SE_BCH_
015_battle_character,367,0x531cc918,SE_BCH_
015_battle_character,368,0xb5abdd9a,SE_BCH_
015_battle_character,369,0x013f8cf9,SE_BCH_
015_battle_character,370,0xe055d8fb,SE_BCH_
015_battle_character,371,0xbf6c24fd,SE_BCH_
015_battle_character,372,0x9e8270ff,SE_BCH_
015_battle_character,373,0x332815f4,SE_BCH_
015_battle_character,374,0x4c3d15b6,SE_BCH_
015_battle_character,375,0x50fb9d39,SE_BCH_
015_battle_character,376,0x6c660a99,SE_BCH_
015_battle_character,377,0x1481a4a3,SE_BCH_
015_battle_character,378,0x6e8730d8,SE_BCH_
015_battle_character,379,0xb05acb84,SE_BCH_
015_battle_character,380,0x6e5b63c2,SE_BCH_261_RAT_AV_ATTACK01
015_battle_character,381,0x3c912744,SE_BCH_262_RAT_AV_ATTACK02
015_battle_character,382,0x0ac6eac6,SE_BCH_263_RAT_AV_ATTACK03
015_battle_character,383,0xd8fcae48,SE_BCH_264_RAT_AV_ATTACK04
015_battle_character,384,0xa73271ca,SE_BCH_265_RAT_AV_ATTACK05
015_battle_character,385,0xf656b46d,SE_BCH_266_RAT_AV_DAMAGE
015_battle_character,386,0xc87be863,SE_BCH_267_RAT_AV_DEAD
015_battle_character,387,0xdd6de22e,SE_BCH_268_RAT_08
015_battle_character,388,0x36e4770e,SE_BCH_269_RAT_09
015_battle_character,389,0xceba3855,SE_BCH_270_RAT_BITE
015_battle_character,390,0xcfd956a0,SE_BCH_271_RAT_FOOT
015_battle_character,391,0xc2d6f8bd,SE_BCH_272_RAT_MOVE01
015_battle_character,392,0xe41b6252,SE_BCH_273_RAT_ATTACK_EFECTP
015_battle_character,393,0xbc86ddce,SE_BCH_274_RAT_14
015_battle_character,394,0x15fd72ae,SE_BCH_275_RAT_15
015_battle_character,395,0x6f74078e,SE_BCH_276_RAT_16
015_battle_character,396,0xc8ea9c6e,SE_BCH_277_RAT_17
015_battle_character,397,0x2261314e,SE_BCH_278_RAT_18
015_battle_character,398,0x7bd7c62e,SE_BCH_279_RAT_19
015_battle_character,399,0x9b9fd96e,SE_BCH_280_RAT_20
015_battle_character,400,0xf18ba96c,SE_BCH_241_SCORPION_AV_ATTACK01X
015_battle_character,401,0x0ea09c0c,SE_BCH_242_SCORPION_AV_ATTACK02X
015_battle_character,402,0x2bb58eac,SE_BCH_243_SCORPION_AV_ATTACK03X
015_battle_character,403,0x48ca814c,SE_BCH_244_SCORPION_AV_ATTACK04X
015_battle_character,404,0x65df73ec,SE_BCH_245_SCORPION_AV_ATTACK05X
015_battle_character,405,0x568d340b,SE_BCH_246_SCORPION_AV_DAMAGE
015_battle_character,406,0x71cadeb7,SE_BCH_247_SCORPION_AV_DEADP
015_battle_character,407,0xbfe720ae,SE_BCH_248_SCORPION_08
015_battle_character,408,0x9efd6cb0,SE_BCH_249_SCORPION_09
015_battle_character,409,0x8f746f8f,SE_BCH_250_SCORPION_MOVE01
015_battle_character,410,0x0036d82c,SE_BCH_251_SCORPION_FOOT
015_battle_character,411,0x3d8db561,SE_BCH_252_SCORPION_SWING
015_battle_character,412,0xca315d18,SE_BCH_253_SCORPION_SWING_STRONG
015_battle_character,413,0x0abc79d6,SE_BCH_254_SCORPION_SHINE
015_battle_character,414,0x9d736866,SE_BCH_255_SCORPION_15
015_battle_character,415,0x7c89b468,SE_BCH_256_SCORPION_16
015_battle_character,416,0x5ba0006a,SE_BCH_257_SCORPION_17
015_battle_character,417,0x3ab64c6c,SE_BCH_258_SCORPION_18
015_battle_character,418,0x19cc986e,SE_BCH_259_SCORPION_19
015_battle_character,419,0xbcd3181a,SE_BCH_260_SCORPION_20
015_battle_character,420,0x01d33f4d,SE_BCH_521_RESERVE01
015_battle_character,421,0xa350e78f,SE_BCH_522_RESERVE02
015_battle_character,422,0x44ce8fd1,SE_BCH_523_RESERVE03
015_battle_character,423,0xe64c3813,SE_BCH_524_RESERVE04
015_battle_character,424,0x87c9e055,SE_BCH_525_RESERVE05
015_battle_character,425,0x29478897,SE_BCH_526_RESERVE06
015_battle_character,426,0xcac530d9,SE_BCH_527_RESERVE07
015_battle_character,427,0x6c42d91b,SE_BCH_528_RESERVE08
015_battle_character,428,0x0dc0815d,SE_BCH_529_RESERVE09
015_battle_character,429,0x3c40de89,SE_BCH_530_RESERVE10
015_battle_character,430,0xddbe86cb,SE_BCH_531_RESERVE11
015_battle_character,431,0x7f3c2f0d,SE_BCH_532_RESERVE12
015_battle_character,432,0x20b9d74f,SE_BCH_533_RESERVE13
015_battle_character,433,0xc2377f91,SE_BCH_534_RESERVE14
015_battle_character,434,0x63b527d3,SE_BCH_535_RESERVE15
015_battle_character,435,0x0532d015,SE_BCH_536_RESERVE16
015_battle_character,436,0xa6b07857,SE_BCH_537_RESERVE17
015_battle_character,437,0x482e2099,SE_BCH_538_RESERVE18
015_battle_character,438,0xe9abc8db,SE_BCH_539_RESERVE19
015_battle_character,439,0x182c2607,SE_BCH_540_RESERVE20
015_battle_character,440,0xe240d9c9,SE_BCH_301_SHARK_AV_ATTACK01
015_battle_character,441,0xa075710b,SE_BCH_302_SHARK_AV_ATTACK02
015_battle_character,442,0x5eaa084d,SE_BCH_303_SHARK_AV_ATTACK03
015_battle_character,443,0x1cde9f8f,SE_BCH_304_SHARK_AV_ATTACK04
015_battle_character,444,0xddd84cab,SE_BCH_305_SHARK_AV_SHOUT
015_battle_character,445,0x989308f4,SE_BCH_306_SHARK_AV_DAMAGE
015_battle_character,446,0x1c9cc3aa,SE_BCH_307_SHARK_AV_DEAD
015_battle_character,447,0x635922f5,SE_BCH_308_SHARK_08
015_battle_character,448,0xdfdfac15,SE_BCH_309_SHARK_09
015_battle_character,449,0x72cca974,SE_BCH_310_SHARK_BREATHP
015_battle_character,450,0x06a16179,SE_BCH_311_SHARK_EARTH_SPLASH
015_battle_character,451,0x7df0cb9f,SE_BCH_312_SHARK_INHALEP
015_battle_character,452,0xb6ac4835,SE_BCH_313_SHARK_13
015_battle_character,453,0x3332d155,SE_BCH_314_SHARK_14
015_battle_character,454,0xafb95a75,SE_BCH_315_SHARK_15
015_battle_character,455,0x2c3fe395,SE_BCH_316_SHARK_16
015_battle_character,456,0xa8c66cb5,SE_BCH_317_SHARK_17
015_battle_character,457,0x254cf5d5,SE_BCH_318_SHARK_18
015_battle_character,458,0xa1d37ef5,SE_BCH_319_SHARK_19
015_battle_character,459,0x030c7fb5,SE_BCH_320_SHARK_20
015_battle_character,460,0xe56ee5be,SE_BCH_421_SHEEP_AV_ATTACK01
015_battle_character,461,0xa3a37d00,SE_BCH_422_SHEEP_AV_ATTACK02
015_battle_character,462,0x61d81442,SE_BCH_423_SHEEP_AV_ATTACK03
015_battle_character,463,0x200cab84,SE_BCH_424_SHEEP_AV_ATTACK04
015_battle_character,464,0xde4142c6,SE_BCH_425_SHEEP_AV_ATTACK05
015_battle_character,465,0x9bc114e9,SE_BCH_426_SHEEP_AV_DAMAGE
015_battle_character,466,0x1fcacf9f,SE_BCH_427_SHEEP_AV_DEAD
015_battle_character,467,0x66872eea,SE_BCH_428_SHEEP_08
015_battle_character,468,0xe30db80a,SE_BCH_429_SHEEP_09
015_battle_character,469,0x36eeb21b,SE_BCH_430_SHEEP_FOOT
015_battle_character,470,0xafdadb2f,SE_BCH_431_SHEEP_ROLLING
015_battle_character,471,0x3d53cb0a,SE_BCH_432_SHEEP_12
015_battle_character,472,0xb9da542a,SE_BCH_433_SHEEP_13
015_battle_character,473,0x3660dd4a,SE_BCH_434_SHEEP_14
015_battle_character,474,0xb2e7666a,SE_BCH_435_SHEEP_15
015_battle_character,475,0x2f6def8a,SE_BCH_436_SHEEP_16
015_battle_character,476,0xabf478aa,SE_BCH_437_SHEEP_17
015_battle_character,477,0x287b01ca,SE_BCH_438_SHEEP_18
015_battle_character,478,0xa5018aea,SE_BCH_439_SHEEP_19
015_battle_character,479,0x063a8baa,SE_BCH_440_SHEEP_20
015_battle_character,480,0x6fa5b341,SE_BCH_
015_battle_character,481,0x053711a1,SE_BCH_
015_battle_character,482,0x9ac87001,SE_BCH_
015_battle_character,483,0x3059ce61,SE_BCH_
015_battle_character,484,0xc5eb2cc1,SE_BCH_
015_battle_character,485,0x4598ac60,SE_BCH_
015_battle_character,486,0xcff955cc,SE_BCH_
015_battle_character,487,0xedfbed43,SE_BCH_
015_battle_character,488,0x8f799585,SE_BCH_
015_battle_character,489,0x2ed0c926,SE_BCH_
015_battle_character,490,0x952771d5,SE_BCH_
015_battle_character,491,0x7f42f227,SE_BCH_
015_battle_character,492,0x6deb5f5e,SE_BCH_
015_battle_character,493,0xdf7ed2ac,SE_BCH_
015_battle_character,494,0xe56e3bfb,SE_BCH_
015_battle_character,495,0x86ebe43d,SE_BCH_
015_battle_character,496,0x28698c7f,SE_BCH_
015_battle_character,497,0xc9e734c1,SE_BCH_
015_battle_character,498,0x6b64dd03,SE_BCH_
015_battle_character,499,0xa34b3dfa,SE_BCH_200_SPIRIT_20
015_battle_character,500,0x3817440d,SE_BCH_
015_battle_character,501,0xcda8a26d,SE_BCH_
015_battle_character,502,0x633a00cd,SE_BCH_
015_battle_character,503,0x4f5c24e9,SE_BCH_
015_battle_character,504,0xf8cb5f2d,SE_BCH_
015_battle_character,505,0x8e5cbd8d,SE_BCH_
015_battle_character,506,0x986ae698,SE_BCH_
015_battle_character,507,0xb66d7e0f,SE_BCH_
015_battle_character,508,0x57eb2651,SE_BCH_
015_battle_character,509,0x20793770,SE_BCH_
015_battle_character,510,0x398e3732,SE_BCH_
015_battle_character,511,0x52a336f4,SE_BCH_
015_battle_character,512,0x6bb836b6,SE_BCH_
015_battle_character,513,0x99ed0f1a,SE_BCH_
015_battle_character,514,0xf5e8599c,SE_BCH_
015_battle_character,515,0x553258da,SE_BCH_
015_battle_character,516,0x9c650107,SE_BCH_
015_battle_character,517,0x1d71d155,SE_BCH_
015_battle_character,518,0x33d66dcf,SE_BCH_
015_battle_character,519,0x6256cafb,SE_BCH_
015_battle_character,520,0xc82a9fab,SE_BCH_341_WYVERN_AV_ATTACK01
015_battle_character,521,0x5dbbfe0b,SE_BCH_342_WYVERN_AV_ATTACK02
015_battle_character,522,0xf34d5c6b,SE_BCH_343_WYVERN_AV_ATTACK03
015_battle_character,523,0x88debacb,SE_BCH_344_WYVERN_AV_ATTACK04
015_battle_character,524,0x1e70192b,SE_BCH_345_WYVERN_AV_ATTACK05
015_battle_character,525,0x9e1d98ca,SE_BCH_346_WYVERN_AV_DAMAGEP
015_battle_character,526,0x287e4236,SE_BCH_347_WYVERN_AV_DEAD
015_battle_character,527,0x4680d9ad,SE_BCH_348_WYVERN_08
015_battle_character,528,0xe7fe81ef,SE_BCH_349_WYVERN_09
015_battle_character,529,0x43f50847,SE_BCH_350_WYVERN_WING
015_battle_character,530,0x5984533e,SE_BCH_351_WYVERN_SWING01
015_battle_character,531,0xda55f890,SE_BCH_352_WYVERN_MOVE01
015_battle_character,532,0xe85bdeea,SE_BCH_353_WYVERN_SWING_JOIN
015_battle_character,533,0xf8f48deb,SE_BCH_354_WYVERN_TORNADO
015_battle_character,534,0x16492703,SE_BCH_355_WYVERN_SCORCHED_FIREX
015_battle_character,535,0xdf70d0a7,SE_BCH_356_WYVERN_16
015_battle_character,536,0x80ee78e9,SE_BCH_357_WYVERN_17
015_battle_character,537,0x226c212b,SE_BCH_358_WYVERN_18
015_battle_character,538,0xc3e9c96d,SE_BCH_359_WYVERN_19
015_battle_character,539,0xf26a2699,SE_BCH_360_WYVERN_20
015_battle_character,540,0xba914dc2,SE_BCH_510_ANCIENT_MOVE_S_a@
015_battle_character,541,0xab625521,SE_BCH_510_ANCIENT_MOVE_S_b@
015_battle_character,542,0x4284baaa,SE_BCH_511_ANCIENT_MOVE_L_a@
015_battle_character,543,0x3355c209,SE_BCH_511_ANCIENT_MOVE_L_b@
015_battle_character,544,0x65db54c8,SE_BCH_513_ANCIENT_SWISH_a
015_battle_character,545,0x9f2c6589,SE_BCH_513_ANCIENT_SWISH_b
015_battle_character,546,0x398a7cea,SE_BCH_517_ANCIENT_DARK_HAND_a
015_battle_character,547,0x4e73452b,SE_BCH_517_ANCIENT_DARK_HAND_b
015_battle_character,548,0xa459c681,SE_BCH_519_ANCIENT_HAND_a
015_battle_character,549,0xa63319a0,SE_BCH_519_ANCIENT_HAND_b
015_battle_character,550,0xd7fc1176,SE_BCH_470_BEAST_MOVE_a8
015_battle_character,551,0xd3fda055,SE_BCH_470_BEAST_MOVE_b8
015_battle_character,552,0x56df50ba,SE_BCH_471_BEAST_FOOT_a8
015_battle_character,553,0x52e0df99,SE_BCH_471_BEAST_FOOT_b8
015_battle_character,554,0x6dc1362d,SE_BCH_475_BEAST_CLAW_a8
015_battle_character,555,0x69c2c50c,SE_BCH_475_BEAST_CLAW_b8
015_battle_character,556,0x6168c7e8,SE_BCH_490_GUARDIAN_MOVE_a
015_battle_character,557,0x9ab9d8a9,SE_BCH_490_GUARDIAN_MOVE_b
015_battle_character,558,0xd40ae96a,SE_BCH_490_GUARDIAN_MOVE_c
015_battle_character,559,0x4d3860c8,SE_BCH_493_GUARDIAN_FOOT_a
015_battle_character,560,0x86897189,SE_BCH_493_GUARDIAN_FOOT_b
015_battle_character,561,0x9fcf4d5b,SE_BCH_213_MINIGOLEM_SWING_ATTACK_aH
015_battle_character,562,0x140e85ba,SE_BCH_213_MINIGOLEM_SWING_ATTACK_bH
015_battle_character,563,0x884dbe19,SE_BCH_213_MINIGOLEM_SWING_ATTACK_cH
015_battle_character,564,0x7831f608,SE_BCH_450_OSTRICH_FOOT_a
015_battle_character,565,0x7a0b4927,SE_BCH_450_OSTRICH_FOOT_b
015_battle_character,566,0xcb268cd5,SE_BCH_451_OSTRICH_SCRATCH_a
015_battle_character,567,0xf4767156,SE_BCH_451_OSTRICH_SCRATCH_b
015_battle_character,568,0x3bedb3b9,SE_BCH_430_SHEEP_FOOT_a8
015_battle_character,569,0x37ef4298,SE_BCH_430_SHEEP_FOOT_b8
012_battle_ally,0,0x5de36d27,SE_BAL_001_HIT01
012_battle_ally,1,0x4371fde9,SE_BAL_002_HIT02
012_battle_ally,2,0x29008eab,SE_BAL_003_HIT03
012_battle_ally,3,0x647559ac,SE_BAL_004_EXPLOSION01
012_battle_ally,4,0x438ba5ae,SE_BAL_005_EXPLOSION02
012_battle_ally,5,0x0ed18fef,SE_BAL_006_HEAL01
012_battle_ally,6,0x684824cf,SE_BAL_007_HEAL02
012_battle_ally,7,0x37434866,SE_BAL_008_BUFF01
012_battle_ally,8,0x90b9dd46,SE_BAL_009_BUFF02
012_battle_ally,9,0x082bea9c,SE_BAL_010_DEBUFF01
012_battle_ally,10,0x84b273bc,SE_BAL_011_DEBUFF02
012_battle_ally,11,0xe379dfaf,SE_BAL_012_REVIVAL01
012_battle_ally,12,0x84f787f1,SE_BAL_013_REVIVAL02
012_battle_ally,13,0x563eb9db,SE_BAL_014_BAKU_UNI
012_battle_ally,14,0x61436e1c,SE_BAL_015_CLAFT
012_battle_ally,15,0x32ba436a,SE_BAL_016_FLAME
012_battle_ally,16,0x84670851,SE_BAL_017_REFERUN
012_battle_ally,17,0xd0097ef6,SE_BAL_018_PLAJIG
012_battle_ally,18,0xa7c3e763,SE_BAL_019_LUFTH
012_battle_ally,19,0x34642285,SE_BAL_020_BUBBLE_BULLET
012_battle_ally,20,0x330663ee,SE_BAL_021_ROSE_FLAME
012_battle_ally,21,0xb8cec9cb,SE_BAL_022_KLEID_REFERUN
012_battle_ally,22,0x298f5a42,SE_BAL_023_STRAHL_PLAJIG01
012_battle_ally,23,0xf7c51dc4,SE_BAL_024_STRAHL_PLAJIG02
012_battle_ally,24,0xc1a59cb6,SE_BAL_025_RATSEL_LUFT
012_battle_ally,25,0x666efa98,SE_BAL_026_GENESIS_HAMMER01P
012_battle_ally,26,0xec24b4b8,SE_BAL_027_GENESIS_HAMMER02P
012_battle_ally,27,0x4e14e5c0,SE_BAL_028_OMEGA_CLAFT
012_battle_ally,28,0xcb2abb74,SE_BAL_029_LUNA_LAMP
012_battle_ally,29,0xc159a23c,SE_BAL_030_WISEMAN_BOOK01
012_battle_ally,30,0x5817a81c,SE_BAL_031_WISEMAN_BOOK02
012_battle_ally,31,0x4060c149,SE_BAL_032_THORNS_EMBRACE
012_battle_ally,32,0x7724b591,SE_BAL_033_ASTRONOMICAL_CLOCK
012_battle_ally,33,0xe8a956e7,SE_BAL_034_GRAN_FLAME
012_battle_ally,34,0x53b0595c,SE_BAL_035_KRISTALL_REFERUNP
012_battle_ally,35,0x4b77b624,SE_BAL_036_LAUTE_PLAJIGP
012_battle_ally,36,0xe8cf5083,SE_BAL_037_WIRBEL_LUFT
012_battle_ally,37,0x9d488884,SE_BAL_038_NA
012_battle_ally,38,0x2649f161,SE_BAL_039_APOCALYPSE
012_battle_ally,39,0x8648dfed,SE_BAL_040_HIT_ICE_01
012_battle_ally,40,0xa1b34d4d,SE_BAL_041_HIT_ICE_02
012_battle_ally,41,0x742cc757,SE_BAL_042_HIT_THUN_01
012_battle_ally,42,0x53431359,SE_BAL_043_HIT_THUN_02
012_battle_ally,43,0xab7cef7d,SE_BAL_044_HIT_WIND01
012_battle_ally,44,0xc6e75cdd,SE_BAL_045_HIT_WIND02
012_battle_ally,45,0x8b903034,SE_BAL_046_HIT_SHINE01
012_battle_ally,46,0x6aa67c36,SE_BAL_047_HIT_SHINE02
012_battle_ally,47,0x69fb9313,SE_BAL_048_HIT_DARK01
012_battle_ally,48,0x85660073,SE_BAL_049_HIT_DARK02
012_battle_ally,49,0x0f3734ea,SE_BAL_050_HIT_FIRE01
012_battle_ally,50,0x2aa1a24a,SE_BAL_051_HIT_FIRE02
012_battle_ally,51,0x33d675cd,SE_BAL_052_COREDRIVE_RYZA
012_battle_ally,52,0x318eafc7,SE_BAL_053_COREDRIVE_KLAU
012_battle_ally,53,0xe134a99e,SE_BAL_054_COREDRIVE_LENT
012_battle_ally,54,0xc080f1c0,SE_BAL_055_COREDRIVE_TAO
012_battle_ally,55,0xc190c082,SE_BAL_056_COREDRIVE_PAT
012_battle_ally,56,0x395b39fa,SE_BAL_057_COREDRIVE_CLIF
012_battle_ally,57,0xa14efa38,SE_BAL_058_COREDRIVE_SERRI
012_battle_ally,58,0x2599ff9a,SE_BAL_059_COREDRIVE_NORMAL01
012_battle_ally,59,0xde85d38f,SE_BAL_060_COREDRIVE_NORMAL02
012_battle_ally,60,0x741731ef,SE_BAL_061_COREDRIVE_NORMAL03
012_battle_ally,61,0x1552ae20,SE_BAL_062_POWER_CHARGEP
012_battle_ally,62,0x810dd3fe,SE_BAL_063_HIT_BIG_IMPACT
012_battle_ally,63,0xaa8f37c4,SE_BAL_064_COMMON_BALL01
012_battle_ally,64,0xc3a43786,SE_BAL_065_COMMON_BALL02
012_battle_ally,65,0xdcb93748,SE_BAL_066_COMMON_BALL03
012_battle_ally,66,0xf5ce370a,SE_BAL_067_COMMON_BALL04
012_battle_ally,67,0x0ee336cc,SE_BAL_068_COMMON_BALL05
012_battle_ally,68,0x27f8368e,SE_BAL_069_COMMON_BALL06
012_battle_ally,69,0x6467abe5,SE_BAL_070_COMMON_BALL07
012_battle_ally,70,0x40316c41,SE_BAL_071_USE_MAGIC
012_battle_ally,71,0x1694f96e,SE_BAL_072_BIG_BALL01
012_battle_ally,72,0x31ff66ce,SE_BAL_073_BIG_BALL02
012_battle_ally,73,0x4d69d42e,SE_BAL_074_BIG_BALL03
012_battle_ally,74,0x68d4418e,SE_BAL_075_BIG_BALL04
012_battle_ally,75,0x843eaeee,SE_BAL_076_BIG_BALL05
012_battle_ally,76,0x9fa91c4e,SE_BAL_077_BIG_BALL06
012_battle_ally,77,0xbb1389ae,SE_BAL_078_BIG_BALL07
012_battle_ally,78,0xbe1d1c52,SE_BAL_079_GUARD_ENTER
012_battle_ally,79,0xf38c3853,SE_BAL_080_GUARD_SUCCESS
012_battle_ally,80,0xb36bf339,SE_BAL_081_JUST_GUARD
012_battle_ally,81,0xe4c32b45,SE_BAL_082_HIT01_FATAL
012_battle_ally,82,0xca51bc07,SE_BAL_083_HIT02_FATAL
012_battle_ally,83,0xafe04cc9,SE_BAL_084_HIT03_FATAL
012_battle_ally,84,0xe32c0537,SE_BAL_085_DUMMY
012_battle_ally,85,0x7810b7f8,SE_BAL_086_DUMMY
012_battle_ally,86,0x0cf56ab9,SE_BAL_087_DUMMY
012_battle_ally,87,0xa1da1d7a,SE_BAL_088_DUMMY
012_battle_ally,88,0x36bed03b,SE_BAL_089_DUMMY
012_battle_ally,89,0xeefdf891,SE_BAL_090_DUMMY
012_battle_ally,90,0x83e2ab52,SE_BAL_091_DUMMY
012_battle_ally,91,0x18c75e13,SE_BAL_092_DUMMY
012_battle_ally,92,0xadac10d4,SE_BAL_093_DUMMY
012_battle_ally,93,0x4290c395,SE_BAL_094_DUMMY
012_battle_ally,94,0xd7757656,SE_BAL_095_DUMMY
012_battle_ally,95,0x6c5a2917,SE_BAL_096_DUMMY
012_battle_ally,96,0x013edbd8,SE_BAL_097_DUMMY
012_battle_ally,97,0x96238e99,SE_BAL_098_DUMMY
012_battle_ally,98,0x2b08415a,SE_BAL_099_DUMMY
012_battle_ally,99,0xecad6d7b,SE_BAL_
012_battle_ally,100,0x8192203c,SE_BAL_
012_battle_ally,101,0x1676d2fd,SE_BAL_
012_battle_ally,102,0xab5b85be,SE_BAL_
012_battle_ally,103,0x4040387f,SE_BAL_
012_battle_ally,104,0xd524eb40,SE_BAL_
012_battle_ally,105,0x6a099e01,SE_BAL_
012_battle_ally,106,0xfeee50c2,SE_BAL_
012_battle_ally,107,0x93d30383,SE_BAL_
012_battle_ally,108,0x28b7b644,SE_BAL_
012_battle_ally,109,0xe0f6de9a,SE_BAL_
012_battle_ally,110,0x75db915b,SE_BAL_
012_battle_ally,111,0x0ac0441c,SE_BAL_
012_battle_ally,112,0x9fa4f6dd,SE_BAL_
012_battle_ally,113,0x3489a99e,SE_BAL_
012_battle_ally,114,0xc96e5c5f,SE_BAL_
012_battle_ally,115,0x5e530f20,SE_BAL_
012_battle_ally,116,0xf337c1e1,SE_BAL_
012_battle_ally,117,0x881c74a2,SE_BAL_
012_battle_ally,118,0x1d012763,SE_BAL_
012_battle_ally,119,0xd5404fb9,SE_BAL_
012_battle_ally,120,0x3d9560c9,SE_BAL_001_HIT01_a
012_battle_ally,121,0x0b3fc28a,SE_BAL_001_HIT01_b
012_battle_ally,122,0xd8ea244b,SE_BAL_001_HIT01_c
012_battle_ally,123,0xa694860c,SE_BAL_001_HIT01_d
012_battle_ally,124,0x2323f18b,SE_BAL_002_HIT02_a
012_battle_ally,125,0xf0ce534c,SE_BAL_002_HIT02_b
012_battle_ally,126,0xbe78b50d,SE_BAL_002_HIT02_c
012_battle_ally,127,0x08b2824d,SE_BAL_003_HIT03_a
012_battle_ally,128,0xd65ce40e,SE_BAL_003_HIT03_b
012_battle_ally,129,0xa40745cf,SE_BAL_003_HIT03_c
012_battle_ally,130,0x71b1a790,SE_BAL_003_HIT03_d
012_battle_ally,131,0x3f5c0951,SE_BAL_003_HIT03_e
012_battle_ally,132,0x0d066b12,SE_BAL_003_HIT03_f
012_battle_ally,133,0x40f561be,SE_BAL_015_CLAFT_a
012_battle_ally,134,0x0e9fc37f,SE_BAL_015_CLAFT_b
012_battle_ally,135,0xdc4a2540,SE_BAL_015_CLAFT_c
012_battle_ally,136,0x126c370c,SE_BAL_016_FLAME_a
012_battle_ally,137,0xe01698cd,SE_BAL_016_FLAME_b
012_battle_ally,138,0xadc0fa8e,SE_BAL_016_FLAME_c
012_battle_ally,139,0xe695ff94,SE_BAL_018_PLAJIG_a
012_battle_ally,140,0xce37d5f3,SE_BAL_018_PLAJIG_b
012_battle_ally,141,0xb5d9ac52,SE_BAL_018_PLAJIG_c
012_battle_ally,142,0x1213f781,SE_BAL_019_LUFT_a
012_battle_ally,143,0xd6a5d9a0,SE_BAL_019_LUFT_b
012_battle_ally,144,0x9b37bbbf,SE_BAL_019_LUFT_c
