review_order,wav_file,svm_dec,margin_to_neg,consensus_score,rank,current_tier
1,04999.wav,-0.4268,-0.0269,0.7377,938,C_possible
2,02720.wav,-0.4229,-0.0133,0.7309,1076,C_possible
3,07893.wav,-0.4205,-0.0174,0.7296,1114,C_possible
4,05686.wav,-0.4094,-0.0193,0.7401,887,C_possible
5,03284.wav,-0.4062,-0.0144,0.7512,659,C_possible
6,06295.wav,-0.4040,-0.0210,0.7229,1296,C_possible
7,02807.wav,-0.4027,-0.0158,0.7430,829,C_possible
8,02607.wav,-0.4004,-0.0246,0.7500,678,C_possible
9,03847.wav,-0.3993,-0.0156,0.7261,1205,C_possible
10,07005.wav,-0.3984,-0.0306,0.7364,957,C_possible
11,05236.wav,-0.3960,-0.0197,0.7209,1360,C_possible
12,07776.wav,-0.3935,-0.0126,0.7458,768,C_possible
13,01256.wav,-0.3907,-0.0055,0.7200,1388,C_possible
14,05820.wav,-0.3903,-0.0131,0.7320,1053,C_possible
15,08013.wav,-0.3832,-0.0172,0.7408,872,C_possible
16,08025.wav,-0.3757,-0.0117,0.7204,1379,C_possible
17,00718.wav,-0.3699,-0.0085,0.7542,604,C_possible
18,04686.wav,-0.3686,-0.0259,0.7216,1333,C_possible
19,00893.wav,-0.3625,-0.0104,0.7228,1300,C_possible
20,02830.wav,-0.3612,-0.0038,0.7231,1290,C_possible
21,00120.wav,-0.3596,-0.0182,0.7405,877,C_possible
22,06150.wav,-0.3584,-0.0271,0.7291,1129,C_possible
23,05839.wav,-0.3560,-0.0167,0.7298,1112,C_possible
24,05933.wav,-0.3508,-0.0048,0.7271,1182,C_possible
25,04681.wav,-0.3502,-0.0125,0.7232,1288,C_possible
26,07984.wav,-0.3413,-0.0227,0.7591,508,C_possible
27,06063.wav,-0.3399,-0.0076,0.7333,1018,C_possible
28,06281.wav,-0.3361,-0.0128,0.7295,1115,C_possible
29,03213.wav,-0.3331,-0.0170,0.7236,1278,C_possible
30,09473.wav,-0.3318,-0.0255,0.7220,1323,C_possible
31,08841.wav,-0.3302,-0.0189,0.7333,1015,C_possible
32,07073.wav,-0.3280,-0.0240,0.7522,643,C_possible
33,06459.wav,-0.3260,-0.0227,0.7337,1009,C_possible
34,03631.wav,-0.3244,-0.0038,0.7290,1139,C_possible
35,01033.wav,-0.3204,-0.0219,0.7359,966,C_possible
36,05015.wav,-0.3184,-0.0155,0.7324,1043,C_possible
37,02562.wav,-0.3170,-0.0216,0.7213,1347,C_possible
38,01886.wav,-0.3168,-0.0116,0.7469,745,C_possible
39,00549.wav,-0.3147,-0.0006,0.7217,1332,C_possible
40,03810.wav,-0.3128,-0.0187,0.7300,1103,C_possible
