id,group,path,duration,whisper_text,reference,cer,cos
01,a_eval10,eval10_00045.wav,6.04,そういうことごめんね こんな探し方しかできなくて,そういうこと。ごめんね。こんな探し方しかできなくて。,0.0000,0.9026
02,a_eval10,eval10_00638.wav,7.00,作るのに比べればなくすことって簡単なんだよ それって錬金術だけじゃないと思うよ,作るのに比べれば、なくすことって簡単なんだよ。それって錬金術だけじゃないと思うよ。,0.0000,0.7915
03,a_eval10,eval10_01498.wav,2.60,そのことなんだけど,そのことなんだけど…,0.0000,0.8043
04,a_eval10,eval10_02119.wav,3.68,あの部屋の家賃ってどれくらいするの?,あの部屋の家賃ってどれくらいするの?,0.0000,0.7937
05,a_eval10,eval10_02469.wav,7.20,実はさ、頑張ってた理由って、ただ異界を救いたかったってだけじゃないんだよね。,実はさ、頑張ってた理由って、ただ異界を救いたかったってだけじゃないんだよね。,0.0000,0.8768
06,a_eval10,eval10_03260.wav,4.24,これって、死は常に側にあるって意味かな?,これって、死は常に側にあるって意味かな?,0.0000,0.7211
07,a_eval10,eval10_05781.wav,5.72,まあいいか。せっかく来たのし、また面倒見てあげるよ。,ま、いいか。せっかく来たんだし、また面倒見てあげるよ。,0.1304,0.8454
08,a_eval10,eval10_06030.wav,4.16,どうせ浮かれやがってとか思って呆れてるんでしょ,ふん、どうせ浮かれやがってとか思って呆れてるんでしょ。,0.0800,0.8244
09,a_eval10,eval10_06505.wav,2.60,ボスの言った通りね。,ボオスの言った通りね。,0.1000,0.8466
10,a_eval10,eval10_06723.wav,3.52,そうですね。それじゃ、島で待ってます!,そうですね。それじゃ、島で待ってます!,0.0000,0.8378
11,b_new,new_01.wav,3.40,朝の光が部屋をゆっくり照らしていく,朝の光が部屋をゆっくり照らしていく。,0.0000,0.8722
12,b_new,new_02.wav,3.96,彼女は窓の外をしばらく眺めていた,彼女は窓の外をしばらく眺めていた。,0.0000,0.8155
13,b_new,new_03.wav,4.48,兄は子供の頃から畑で花を育てることを好んでいた,兄は子供の頃から畑で花を育てることを好んでいた。,0.0000,0.6923
14,b_new,new_04.wav,4.84,この方法なら初めての人でも解決できるのでしょうか,この方法なら初めての人でも解決できるのでしょうか。,0.0000,0.8413
15,b_new,new_05.wav,3.68,森の奥にあるあの小屋には行ったことがありますか?,森の奥にあるあの小屋には、行ったことがありますか。,0.0000,0.6777
16,b_new,new_06.wav,3.68,やっと答えが見えてきた。嬉しい。,やっと答えが見えてきた！　うれしい！,0.1333,0.8390
17,b_new,new_07.wav,2.84,大成功だ。これはすごい!,大成功だ！　これはすごい。,0.0000,0.8551
18,b_new,new_08.wav,3.84,言いたいことは多いのに言葉にならない,言いたいことは多いのに言葉にならない。,0.0000,0.8648
19,b_new,new_09.wav,2.60,雨の音が聞こえる,雨の音が聞こえる。,0.0000,0.7961
20,b_new,new_10.wav,4.28,うん。でも、明日が来るのが楽しみだ!,でも、明日が来るのが楽しみだ。,0.1538,0.8059
