id,path,duration,whisper_text,reference
01,wav/04815.wav,5.29,えっと、確かこの辺りに入れておいたような。,えっと、確かこの辺りに入れておいたような。
02,wav/05653.wav,6.80,本当だ。なんかあの様子だと待っててもどこか行ってくれそうにないね。,本当だ。なんかあの様子だと待っててもどこか行ってくれそうにないね。
03,wav/01359.wav,5.11,私さ、そろそろ島に帰ろうかなって思うんだ。,私さ、そろそろ島に帰ろうかなって思うんだ。
04,wav/05329.wav,6.89,ずっと村から出ないで生きてきたから、一人で大丈夫なのか怖くってね。,ずっと村から出ないで生きてきたから、一人で大丈夫なのか怖くってね。
05,wav/07144.wav,6.05,綺麗な油でしょ? でも、舐めたらダメだよ?,綺麗な油でしょ? でも、舐めたらダメだよ?
06,wav/09279.wav,3.94,あれ、珍しいね。どうしたの?,あれ、珍しいね。どうしたの?
07,wav/09308.wav,3.34,はい、大丈夫ですよ。,はい、大丈夫ですよ。
08,wav/07530.wav,7.81,落ち着きなかったかな。こんな大きな部屋って慣れてないから。,落ち着きなかったかな。こんな大きな部屋って慣れてないから。
09,wav/09423.wav,3.01,デニスさんにはお世話になったし。,デニスさんにはお世話になったし。
10,wav/05221.wav,12.02,でも……うーん……古い言い伝え……水に飲まれた都……もしかして、タオが何か知ってるかも……,でも……うーん……古い言い伝え……水に飲まれた都……もしかして、タオが何か知ってるかも……
11,wav/05624.wav,5.34,ごめん、私には全然わかんない。,ごめん、私には全然わかんない。
12,wav/01738.wav,4.62,今見せるよー。ほら、これこれ。,今見せるよー。ほら、これこれ。
13,wav/01124.wav,7.65,変わった人だったなー。オートって、ああいう人がたくさんいるのかな?,変わった人だったなー。王都って、ああいう人がたくさんいるのかな?
14,wav/04646.wav,7.17,そんな村を飛び出した私は、ひょんなことからとんでもない大冒険をした。,そんな村を飛び出した私は、ひょんなことからとんでもない大冒険をした。
15,wav/00077.wav,4.06,やっぱり、同じものだったみたい。,やっぱり、同じものだったみたい。
16,wav/01552.wav,6.64,タレジャーハンターじゃないから足手まといになっちゃうかもしれないけどね,トレジャーハンターじゃないから足手まといになっちゃうかもしれないけどね。
17,wav/01881.wav,8.43,フフッ、さっきの人、結構かっこいい人だったね。もしかしてあの人ってクラウディアの……,フフッ、さっきの人、結構かっこいい人だったね。もしかしてあの人ってクラウディアの……
18,wav/01822.wav,7.38,仲良く歩いてるのが見えたから、つい……もしかして、デート中だったりして……,仲良く歩いてるのが見えたから、つい……もしかして、デート中だったりして……
19,wav/04718.wav,9.38,だから、どうにかして作れないかなーってレシピを考えてたんだけど……思いつかなくて。,だから、どうにかして作れないかなーってレシピを考えてたんだけど……思いつかなくて。
20,wav/05421.wav,6.18,あれ?そういえばもう一つ仕事があるって,あれ?そういえばもう一つ仕事があるって
21,wav/04971.wav,3.58,誰かの声がした…ような…,誰かの声がした…ような…
22,wav/06686.wav,6.95,そうだよね。キロさんと比べたらまた会うのなんて簡単だよね。,そうだよね。キロさんと比べたらまた会うのなんて簡単だよね。
23,wav/07139.wav,8.88,あれは… 神木?当時の人にとっても特別なものだったんだ,あれは… 神木?当時の人にとっても特別なものだったんだ
24,wav/01528.wav,8.75,確かに、かなり硬い鉱石。これを加工できる道具となると、えっと……,確かに、かなり硬い鉱石。これを加工できる道具となると、えっと……
25,wav/08079.wav,5.47,大丈夫。心配いらないよ。あたしたちならなんとかなる。,大丈夫。心配いらないよ。あたしたちならなんとかなる。
26,wav/00683.wav,5.10,ちょ、ちょっと待って。タオでもそんなこと考えるの?,ちょ、ちょっと待って。タオでもそんなこと考えるの?
27,wav/02119.wav,4.12,あの部屋の家賃ってどれくらいするの?,あの部屋の家賃ってどれくらいするの?
28,wav/07280.wav,7.71,そうしたいんだけど、今、ちょっとお財布が寂しくて……,そうしたいんだけど、今、ちょっとお財布が寂しくて……
29,wav/08385.wav,5.04,あれってレントと…リラさん?,あれってレントと…リラさん?
30,wav/05369.wav,4.76,フィルフサじゃないの? でもちょっと見た目が……,フィルフサじゃないの? でもちょっと見た目が……
31,wav/03056.wav,7.63,そっかー。でも、タオのご先祖様は何を調べようとしてたんだろう。,そっかー。でも、タオのご先祖様は何を調べようとしてたんだろう。
32,wav/09557.wav,6.11,諸子の本ってことは、ご先祖様が残した本?,書庫の本ってことは、ご先祖様が残した本?
33,wav/00638.wav,8.75,作るのに比べれば、なくすことって簡単なんだよ。それって錬金術だけじゃないと思うよ。,作るのに比べれば、なくすことって簡単なんだよ。それって錬金術だけじゃないと思うよ。
34,wav/09368.wav,7.31,北の大地…確か崖の向こうの?さすがにちょっと…,北の大地…確か崖の向こうの?さすがにちょっと…
35,wav/03964.wav,8.33,相変わらず芝居がかった話し方なんだから…… でも、ちょっと嬉しかったな。,相変わらず芝居がかった話し方なんだから…… でも、ちょっと嬉しかったな。
36,wav/05676.wav,5.46,扉、閉じちゃってるね。どうやって開けるんだろう。,扉、閉じちゃってるね。どうやって開けるんだろう。
37,wav/00053.wav,7.13,えーっと、今回の結果は……うん、こんな感じかな。,えーっと、今回の結果は……うん、こんな感じかな。
38,wav/05954.wav,4.18,ねえ、セイリさん。探してる種は見つかったの?,ねえ、セリさん。探してる種は見つかったの?
39,wav/05690.wav,6.58,しっかりしてて握りやすい 魔女のことが好きだったんだろうなぁ,しっかりしてて握りやすい 魔女のことが好きだったんだろうなぁ
40,wav/08204.wav,7.83,な、男子学生に人気なんだ。なんか、ちょっと照れちゃうかも…。,男子学生に人気なんだ。なんか、ちょっと照れちゃうかも…。
41,wav/07994.wav,8.90,うん、いや、ちょっと、ちょっとだけね、その、高いかなーなんて。,うん、いや、ちょっと、ちょっとだけね、その、高いかなーなんて。
42,wav/00938.wav,4.66,恥ずかしいこと言っちゃったね,恥ずかしいこと言っちゃったね
43,wav/08004.wav,9.87,偽薬っていうより、嘘薬って呼ぶ方が正しいかも。それっぽくでっち上げただけだし。,偽薬っていうより、嘘薬って呼ぶ方が正しいかも。それっぽくでっち上げただけだし。
44,wav/03003.wav,7.35,わからないけど、クリフォードさん、ずっと一人で探索してきたんだ。,わからないけど、クリフォードさん、ずっと一人で探索してきたんだ。
45,wav/07867.wav,4.19,えっと、こんなところでどうしたの?,えっと、こんなところでどうしたの?
46,wav/00737.wav,3.21,残念だったね、デニスさん。,残念だったね、デニスさん。
47,wav/08877.wav,5.47,……そっか。でも、セリさんの目的は分かった。,……そっか。でも、セリさんの目的は分かった。
48,wav/07197.wav,5.08,こっちもだ、もう動いてないみたい,こっちもだ、もう動いてないみたい
49,wav/04908.wav,5.43,大丈夫、きっとあるよ。手がかりも見つけてみせる。,大丈夫、きっとあるよ。手がかりも見つけてみせる。
50,wav/03173.wav,3.96,本当にありがとうピー,本当にありがとう フィー
