path,duration,before,after
wav/02580.wav,8.0,だから、タオがボースと二人でオートに行くって言い出した時は、ちょっとだけ心配してたんだよね。,だから、タオがボオスと二人で王都に行くって言い出した時は、ちょっとだけ心配してたんだよね。
wav/03173.wav,4.0,本当にありがとうピー,本当にありがとうフィー
wav/01552.wav,6.6,タレジャーハンターじゃないから足手まといになっちゃうかもしれないけどね,トレジャーハンターじゃないから足手まといになっちゃうかもしれないけどね
wav/09557.wav,6.1,諸子の本ってことは、ご先祖様が残した本?,書庫の本ってことは、ご先祖様が残した本?
wav/04186.wav,7.2,そう?ボースがそう言ってくれるならいいけど。よかったね、ビー。,そう?ボオスがそう言ってくれるならいいけど。よかったね、ビー。
wav/06505.wav,2.6,ボースの言った通りね。,ボオスの言った通りね。
wav/01124.wav,7.6,変わった人だったなー。オートって、ああいう人がたくさんいるのかな?,変わった人だったなー。王都って、ああいう人がたくさんいるのかな?
wav/07705.wav,8.9,とにかく、今はタオとボースを信じて待つしかないよね。それまで、私は私でできることをしよう。,とにかく、今はタオとボオスを信じて待つしかないよね。それまで、私は私でできることをしよう。
wav/09112.wav,8.3,完全に舐めてたなぁ やっぱりオートっていうだけのことはあったわー,完全に舐めてたなぁ やっぱり王都っていうだけのことはあったわー
wav/05954.wav,4.2,ねえ、セイリさん。探してる種は見つかったの?,ねえ、セリさん。探してる種は見つかったの?
wav/00307.wav,8.8,そ、それは……オートに限らないかも。あたしもそうで、今は錬金術師やってるし……,そ、それは……王都に限らないかも。あたしもそうで、今は錬金術師やってるし……
wav/05485.wav,8.7,オートもあちこち見て回ったし……遺跡か……どんなとこだろう……,王都もあちこち見て回ったし……遺跡か……どんなとこだろう……
wav/07704.wav,5.3,へえ、珍しい。ボースが褒めてくれるなんて。,へえ、珍しい。ボオスが褒めてくれるなんて。
wav/05958.wav,5.5,タオとボース、いるかな。見かけたら声かけてみようね。,タオとボオス、いるかな。見かけたら声かけてみようね。
