utt_id,audio_path,speaker,duration,text,split,bucket,md5,source_rel,class,eval10
00028,H:\git\Ryza_voice\wav\00028.wav,ryza,5.961,そっか、わかった。そういうことなら、私も協力するよ。,train,DECL-d1,cb1879fab0c0f98bf63eb862fbad9768,wav/00028.wav,DECL,0
00030,H:\git\Ryza_voice\wav\00030.wav,ryza,3.435,え、感じるってどういうこと?,train,Q-d0,6cdcb5eac8952861b9717800478c26f8,wav/00030.wav,Q,0
00042,H:\git\Ryza_voice\wav\00042.wav,ryza,7.119,レントだよ。私たちの幼馴染。とっても頼りになる人、かな。,train,DECL-d1,75c2d832b78d7a651d5c630a3b14d771,wav/00042.wav,DECL,0
00053,H:\git\Ryza_voice\wav\00053.wav,ryza,7.131,えーっと、今回の結果は……うん、こんな感じかな。,train,DECL-d1,8c90969ed9decdc876a276958f856c2a,wav/00053.wav,DECL,0
00205,H:\git\Ryza_voice\wav\00205.wav,ryza,5.927,生まれた環境が違うって、こんなにいろんな差があるのか、とか。,train,DECL-d1,e5a825ad66b0c952e884b1b5293949db,wav/00205.wav,DECL,0
00442,H:\git\Ryza_voice\wav\00442.wav,ryza,5.662,そ、そうだ!パティって、タオに家庭教師をしてもらってるんだよね。,train,DECL-d1,3df6b20b01cbffdb42284dfcc5c4a776,wav/00442.wav,DECL,0
00456,H:\git\Ryza_voice\wav\00456.wav,ryza,9.663,龍の心臓が正常に動いてた頃……多分、大昔のこの遺跡の記憶……だと思う。,train,DECL-d2,284cf5caeb49d0602d40a73b2e1360d2,wav/00456.wav,DECL,0
00541,H:\git\Ryza_voice\wav\00541.wav,ryza,7.590,これは、その約束の証。だから、不安にならなくても大丈夫だよ。,train,DECL-d2,027f2a722707e96f374b65a70e1a3b8c,wav/00541.wav,DECL,0
00817,H:\git\Ryza_voice\wav\00817.wav,ryza,6.388,レント、ちょっと疲れてるだけだと思う。嫌いにならないであげてね。,train,DECL-d1,4f8180b20e9b9171f6f9675f10739326,wav/00817.wav,DECL,0
00990,H:\git\Ryza_voice\wav\00990.wav,ryza,8.636,大いなる研究か…。どんな研究だったのか、ちょっとだけ気になる…かな。,train,DECL-d2,e66bf1ba76d17a12f6f8a519dc89513a,wav/00990.wav,DECL,0
01318,H:\git\Ryza_voice\wav\01318.wav,ryza,6.620,折れてはいるけど、すごく切れそう。触るときは気をつけなくちゃ。,train,DECL-d1,6479a64c97c4617cb8d6ab7bf31539b8,wav/01318.wav,DECL,0
01346,H:\git\Ryza_voice\wav\01346.wav,ryza,8.084,だから、劣等感なんて抱く必要ない。だって、ボスは誰にも劣ってないんだから。,train,DECL-d2,17efe0406603355fbbd6ee7b169e7891,wav/01346.wav,DECL,0
01359,H:\git\Ryza_voice\wav\01359.wav,ryza,5.113,私さ、そろそろ島に帰ろうかなって思うんだ。,train,DECL-d0,05b67e6edc2fea3c80669f794b0f89b7,wav/01359.wav,DECL,0
01528,H:\git\Ryza_voice\wav\01528.wav,ryza,8.746,確かに、かなり硬い鉱石。これを加工できる道具となると、えっと……,train,ELL-d2,3659ab95dada3a62f20745e185cd094f,wav/01528.wav,ELL,0
01573,H:\git\Ryza_voice\wav\01573.wav,ryza,6.582,分かってるよ、フィー。 二人とも、準備はいい? 今度こそ勝つよ!,train,EXCL-d1,a73d0f494a5780f340d6e1257c7dd086,wav/01573.wav,EXCL,0
01822,H:\git\Ryza_voice\wav\01822.wav,ryza,7.380,仲良く歩いてるのが見えたから、つい……もしかして、デート中だったりして……,train,ELL-d1,5ab248e9ba4e10082c5ab5c53f8ca6f3,wav/01822.wav,ELL,0
01881,H:\git\Ryza_voice\wav\01881.wav,ryza,8.428,フフッ、さっきの人、結構かっこいい人だったね。もしかしてあの人ってクラウディアの……,train,ELL-d2,567b0a0c8df632d9490fa21cc3723300,wav/01881.wav,ELL,0
01995,H:\git\Ryza_voice\wav\01995.wav,ryza,5.317,一体、地下神殿で何が起きてたの?,train,Q-d1,5e36b0fe8b096f026baeab3ec6618823,wav/01995.wav,Q,0
02022,H:\git\Ryza_voice\wav\02022.wav,ryza,6.744,うん。たくさんお礼言われたよ。無事に連れ帰ってくれてありがとうって。,train,DECL-d1,3efa87f94031dba52e0ba391ae5b10ea,wav/02022.wav,DECL,0
02099,H:\git\Ryza_voice\wav\02099.wav,ryza,4.256,大歓迎だよ。ほら、座って座って。,train,DECL-d0,d3191033b35f08d4e050cb53738b5bd6,wav/02099.wav,DECL,0
02286,H:\git\Ryza_voice\wav\02286.wav,ryza,7.258,そんな時にこれを飲んでみて。 速攻性だから飲んだ瞬間に効くから。,train,DECL-d1,d2e4dbd04a082ddae96a023cb7d4e2ca,wav/02286.wav,DECL,0
02287,H:\git\Ryza_voice\wav\02287.wav,ryza,8.010,クラウディアの頑固さには負けたわ。それじゃあ、遠慮なくもらっちゃうね。,train,DECL-d2,41b4fe165ddbf63075a5c8dd790277f5,wav/02287.wav,DECL,0
02296,H:\git\Ryza_voice\wav\02296.wav,ryza,9.502,前と比べるとね、普段は元気だけど、すぐ疲れちゃうのか、寝てる時間が多いかな。,train,DECL-d2,d9892de67613528f9a0ec99e73cbed7b,wav/02296.wav,DECL,0
02412,H:\git\Ryza_voice\wav\02412.wav,ryza,9.973,数多くの人々が暮らす大都市のすぐそばで、誰も知らない、あたしたちだけの大冒険を。,train,DECL-d2,18d5bb524550d4eba957dbf7cefc0974,wav/02412.wav,DECL,0
02466,H:\git\Ryza_voice\wav\02466.wav,ryza,8.370,私はね、パティを見てると自分にはないものばかり持ってるなって思ってたよ。,train,DECL-d2,4fcb6cf424fef3fe72526ef4e21bbdd7,wav/02466.wav,DECL,0
02487,H:\git\Ryza_voice\wav\02487.wav,ryza,8.197,これって、文字がほとんどないよ。なんかレシピみたいな感じ?,train,Q-d2,a2eacd1959b614782b0d37a466801c23,wav/02487.wav,Q,0
02554,H:\git\Ryza_voice\wav\02554.wav,ryza,7.399,やったく、そんな頼まなくたって断るわけないでしょ,train,DECL-d2,b4ab8eee2f58d85bcaa7ed775d2b5ffa,wav/02554.wav,DECL,0
02580,H:\git\Ryza_voice\wav\02580.wav,ryza,8.013,だから、タオがボオスと二人で王都に行くって言い出した時は、ちょっとだけ心配してたんだよね。,train,DECL-d2,731aa85a5e8e7323508c4f0c4cd5405c,wav/02580.wav,DECL,0
02657,H:\git\Ryza_voice\wav\02657.wav,ryza,9.614,えっと、現代建築技法…って、タオが借りたのって建築の本だったの?,train,Q-d2,86cfcc9a119eae412a569b5043800fb2,wav/02657.wav,Q,0
02731,H:\git\Ryza_voice\wav\02731.wav,ryza,6.089,あれ?この枝、今動いたような…,train,ELL-d1,c006075863f78b0fca265adc107e023d,wav/02731.wav,ELL,0
02743,H:\git\Ryza_voice\wav\02743.wav,ryza,6.087,って聞くまでもなかった後取りになるための勉強よね,train,DECL-d1,dda89c731d1f9f44ac72c5e9bef06075,wav/02743.wav,DECL,0
02779,H:\git\Ryza_voice\wav\02779.wav,ryza,6.759,それだけは絶対に変わらないよ 何があろうと絶対にね,train,DECL-d1,8b2fca35ac038406946f332430fbb30a,wav/02779.wav,DECL,0
02780,H:\git\Ryza_voice\wav\02780.wav,ryza,9.808,あ、うん、そう見えるけど、大きすぎない?前に戦った竜とは比べられないくらい。,train,DECL-d2,6071e5e4653f097f6d245767b5ab98ce,wav/02780.wav,DECL,0
03005,H:\git\Ryza_voice\wav\03005.wav,ryza,6.131,この花から取り出した種を増やすことなら、あたしでもできる…かも。,train,DECL-d1,0ccd58c1a24ea0a0704a6eb156a53e1d,wav/03005.wav,DECL,0
03008,H:\git\Ryza_voice\wav\03008.wav,ryza,3.758,ここって、買い取ってくれるのかな?,train,Q-d0,8552c2001ef75413243b5cb4c72a48a9,wav/03008.wav,Q,0
03477,H:\git\Ryza_voice\wav\03477.wav,ryza,6.647,え、ちょっと待って、愛せばより光り輝きって何?,train,Q-d2,f0811a3b54cf14fa8ac0b9ce2c0afde1,wav/03477.wav,Q,0
03536,H:\git\Ryza_voice\wav\03536.wav,ryza,6.215,よかった。また手伝えることがあったらいつでも言ってね。,train,DECL-d1,1f63d4fceb5bdebb1b556e37c8331276,wav/03536.wav,DECL,0
03827,H:\git\Ryza_voice\wav\03827.wav,ryza,7.711,ううん、私も気になってたから。タオが家庭教師を辞めさせられるって話だよね。,train,DECL-d2,7a529cd63f93d6cae5f864b4d8c9099f,wav/03827.wav,DECL,0
04041,H:\git\Ryza_voice\wav\04041.wav,ryza,6.120,そっか、お嬢様だもんね。あはは。,train,DECL-d1,a7855010786743d7dd99f974b787762c,wav/04041.wav,DECL,0
04102,H:\git\Ryza_voice\wav\04102.wav,ryza,6.046,あのさ、一瞬なんだけど声が聞こえたような気がしたんだ。,train,DECL-d1,f385423103a8574afbecb0b26aa501ee,wav/04102.wav,DECL,0
04170,H:\git\Ryza_voice\wav\04170.wav,ryza,6.036,けど、今はまだ寝てる時間が長いくらいかな。,train,DECL-d1,b9feaabf0ec81a7fd11bfd4425145f55,wav/04170.wav,DECL,0
04262,H:\git\Ryza_voice\wav\04262.wav,ryza,5.536,うん、わかった。すぐに作ってくるから、少しだけ待っててね。,train,DECL-d1,4a08831773f7c5ee74babd85fc10a48f,wav/04262.wav,DECL,0
04493,H:\git\Ryza_voice\wav\04493.wav,ryza,6.052,せめて何かきっかけでも作れれば……ん?,train,Q-d1,685ca10c10b72e9704c39a67623e8873,wav/04493.wav,Q,0
04556,H:\git\Ryza_voice\wav\04556.wav,ryza,7.426,どこかに入り口があるのかもしれないよ。もしくは、この中でずっと生きてたとか。,train,DECL-d2,51d3e363c40e7e99ceb38bb7d8204c00,wav/04556.wav,DECL,0
04646,H:\git\Ryza_voice\wav\04646.wav,ryza,7.174,そんな村を飛び出した私は、ひょんなことからとんでもない大冒険をした。,train,DECL-d1,b8d85967bdd32f63d5d2681ff0195e0f,wav/04646.wav,DECL,0
04672,H:\git\Ryza_voice\wav\04672.wav,ryza,9.476,あ、あの親子喧嘩のことね。驚いたけど、丸く収まったみたいで安心した。,train,DECL-d2,ac02df08f430695f59d1bf92421cdae9,wav/04672.wav,DECL,0
04697,H:\git\Ryza_voice\wav\04697.wav,ryza,8.407,そっか。あ、ごめんなさい、デニスさん。私、ちょっとずるいこと考えちゃってた。,train,DECL-d2,1e980803cd4616f3c0d768ae6af6dba3,wav/04697.wav,DECL,0
04718,H:\git\Ryza_voice\wav\04718.wav,ryza,9.382,だから、どうにかして作れないかなーってレシピを考えてたんだけど……思いつかなくて。,train,DECL-d2,b8ae6e2f381e3cb0ed5311b76890369d,wav/04718.wav,DECL,0
04864,H:\git\Ryza_voice\wav\04864.wav,ryza,7.355,遺跡はきっとある。なんとなくだけど、そんな確信が私の中にはあるんだ。,train,DECL-d2,e8d61d1e3e323849849705014f5f2e2a,wav/04864.wav,DECL,0
04908,H:\git\Ryza_voice\wav\04908.wav,ryza,5.433,大丈夫、きっとあるよ。手がかりも見つけてみせる。,train,DECL-d0,1c886e8bf7b3094c1222c06e02c8d329,wav/04908.wav,DECL,0
04976,H:\git\Ryza_voice\wav\04976.wav,ryza,3.949,そういうこと。ほら、吐いてあいて。,test,DECL-d0,05de5d04af78cdd03e95332d51243190,wav/04976.wav,DECL,0
05110,H:\git\Ryza_voice\wav\05110.wav,ryza,6.975,どうしたんですか? 森津さん。あたし、何かやらかしたっけ?,train,Q-d2,0a82198ce104ccaee44166b550aec94b,wav/05110.wav,Q,0
05221,H:\git\Ryza_voice\wav\05221.wav,ryza,12.017,でも……うーん……古い言い伝え……水に飲まれた都……もしかして、タオが何か知ってるかも……,train,ELL-d2,b3ad99e3ea5f4df6670ea43bcac812f0,wav/05221.wav,ELL,0
05378,H:\git\Ryza_voice\wav\05378.wav,ryza,6.518,フィーもお礼してあげて。みんなフィーのこと心配してきてくれたんだよ。,train,DECL-d1,0783df6bfe42811ecc97e4fc4fb76836,wav/05378.wav,DECL,0
05491,H:\git\Ryza_voice\wav\05491.wav,ryza,6.138,あれ?それじゃあ、私が直したのってまずかったんじゃ。,train,DECL-d1,71cea06bc6d92d18cdfaf5b048f2b77b,wav/05491.wav,DECL,0
05544,H:\git\Ryza_voice\wav\05544.wav,ryza,5.213,そっか。みんな喜んでくれてたんだ。,train,DECL-d0,396939b5c1ec3353686c735223178016,wav/05544.wav,DECL,0
05625,H:\git\Ryza_voice\wav\05625.wav,ryza,6.863,はぁ…まあ、傷が良くなっただけでも作った甲斐はあったけどね。,train,DECL-d1,9d19bc2f703776f3421bfdc28ff71eab,wav/05625.wav,DECL,0
05653,H:\git\Ryza_voice\wav\05653.wav,ryza,6.800,本当だ。なんかあの様子だと待っててもどこか行ってくれそうにないね。,train,DECL-d1,02134606b73d22c92e57cfea67debfad,wav/05653.wav,DECL,0
05782,H:\git\Ryza_voice\wav\05782.wav,ryza,4.458,実は、島に帰ろうと思ってるんだよね。,train,DECL-d0,5386bfd6c9758739daf910b6628f41fd,wav/05782.wav,DECL,0
06090,H:\git\Ryza_voice\wav\06090.wav,ryza,6.499,異界の…。でも、フィは王連族…じゃないよね。,train,DECL-d1,97100857a45211ed86a8709c4d63197d,wav/06090.wav,DECL,0
06125,H:\git\Ryza_voice\wav\06125.wav,ryza,10.564,あ、み、認めてくれるみたいだし。一応、お礼とか……。あ、ありが……。,train,DECL-d2,00d9774d7ae0f60e4195301f1a904ea3,wav/06125.wav,DECL,0
06458,H:\git\Ryza_voice\wav\06458.wav,ryza,5.584,竜の口に太陽って、何の比喩なんだろう?,train,Q-d1,67bf657c9c8ded03abe1895943676a1d,wav/06458.wav,Q,0
06658,H:\git\Ryza_voice\wav\06658.wav,ryza,7.607,大変な冒険だったねー クラウディアもお疲れ様,train,DECL-d2,2eab0076ad6d5e26b02c72baeb16da34,wav/06658.wav,DECL,0
06682,H:\git\Ryza_voice\wav\06682.wav,ryza,5.885,任せてって言ってるのかな ありがとねフィー,train,DECL-d1,42bb7326e188bf1bab5bab9893191ce9,wav/06682.wav,DECL,0
06817,H:\git\Ryza_voice\wav\06817.wav,ryza,6.078,わからないけど、ちょっと見てくる。タオとフィーはここで待ってて。,train,DECL-d1,e3518fc15260eb2dd4778669ff0e42ef,wav/06817.wav,DECL,0
06849,H:\git\Ryza_voice\wav\06849.wav,ryza,9.097,クーケン島っていう、なんてことない島の、ラーゼンボーデンっていう、なんてことない村。,train,DECL-d2,d16b9a52b68ed64f4e6f7db4f3d97b1e,wav/06849.wav,DECL,0
06968,H:\git\Ryza_voice\wav\06968.wav,ryza,5.552,嫌だなあ、もう。わかってるくせに。,train,DECL-d1,0229f22f58686bc5b0b2af3267fb037a,wav/06968.wav,DECL,0
07124,H:\git\Ryza_voice\wav\07124.wav,ryza,5.360,えっと、どこから話せばいいかな。,train,DECL-d0,d4d9d6d2e02f2e4df1dd4d982b6d638b,wav/07124.wav,DECL,0
07174,H:\git\Ryza_voice\wav\07174.wav,ryza,10.193,誰かを悲しませることのない錬金術……か。そうあり続けられれば、私も嬉しいけど。,train,DECL-d2,05716991fb4e4cec67d6b0619ef2a8c2,wav/07174.wav,DECL,0
07195,H:\git\Ryza_voice\wav\07195.wav,ryza,6.138,どうかな? ちょっと恥ずかしいんだけど,train,DECL-d1,68831a64e5919ec43df1ad1adaa85a17,wav/07195.wav,DECL,0
07484,H:\git\Ryza_voice\wav\07484.wav,ryza,6.731,私ね、ここに一人で来たとき、ちょっとだけ心細かったんだ。,train,DECL-d1,14ee3cc70b23a741a4a49f37d954cbb4,wav/07484.wav,DECL,0
07530,H:\git\Ryza_voice\wav\07530.wav,ryza,7.815,落ち着きなかったかな。こんな大きな部屋って慣れてないから。,train,DECL-d2,83a08d19e7db0f59bc9bf851b15691f2,wav/07530.wav,DECL,0
07533,H:\git\Ryza_voice\wav\07533.wav,ryza,7.953,ありがとう。でも、ちょっとでも早く行きたいから。なんとかなるよ。たぶん。,train,DECL-d2,4408e948cf5c74b8c07f0a08b9b6f3d8,wav/07533.wav,DECL,0
07598,H:\git\Ryza_voice\wav\07598.wav,ryza,11.070,そ、想像してたより大変なことになってるねー。……けど、そういうことなら、私の出番じゃない?,train,Q-d2,131f68762765c69a2a17fb0bf0455444,wav/07598.wav,Q,0
07637,H:\git\Ryza_voice\wav\07637.wav,ryza,9.937,いろんなことがあったなぁ。タオたちにも出会えたし、新しい友達もできたし。,train,DECL-d2,8422a5013031612ba63d3fcfa4925c49,wav/07637.wav,DECL,0
07822,H:\git\Ryza_voice\wav\07822.wav,ryza,7.064,私?実は私も空拳塔に帰ろうと思って。,train,DECL-d1,856d5ad18107032b8099a3110255e65a,wav/07822.wav,DECL,0
07849,H:\git\Ryza_voice\wav\07849.wav,ryza,6.976,それで、あたしも伝えなくちゃ。ボスに伝えなきゃいけない、大事なことを。,train,DECL-d1,988285916e7e8291ca0126623595a31b,wav/07849.wav,DECL,0
07942,H:\git\Ryza_voice\wav\07942.wav,ryza,7.703,私は、これからも友達をたくさん作ると思う。クラウディアと会えない間に。,train,DECL-d2,41eec88f2ffcd166be213a48a33204e1,wav/07942.wav,DECL,0
07958,H:\git\Ryza_voice\wav\07958.wav,ryza,10.219,それに声も全然違うじゃんなんだか男の子って感じになってる,train,DECL-d2,7e3d8a88befc17788eb768a086744840,wav/07958.wav,DECL,0
08004,H:\git\Ryza_voice\wav\08004.wav,ryza,9.866,偽薬っていうより、嘘薬って呼ぶ方が正しいかも。それっぽくでっち上げただけだし。,train,DECL-d2,b99ebd8a0d6c3479d58b78d7b45964b9,wav/08004.wav,DECL,0
08181,H:\git\Ryza_voice\wav\08181.wav,ryza,4.418,ああ、全然わからないんだけど……,train,ELL-d0,6a34e9f2b695af49368a8889449c7d1a,wav/08181.wav,ELL,0
08204,H:\git\Ryza_voice\wav\08204.wav,ryza,7.829,な、男子学生に人気なんだ。なんか、ちょっと照れちゃうかも…。,train,DECL-d2,2fca698f1cfefdd61367158697e36108,wav/08204.wav,DECL,0
08220,H:\git\Ryza_voice\wav\08220.wav,ryza,6.894,そっか。ゼフィーヌさんも、もしかしたら冒険好きなのかもしれないね。,train,DECL-d1,c30c47f317b47875bc05dfc813528fce,wav/08220.wav,DECL,0
08276,H:\git\Ryza_voice\wav\08276.wav,ryza,10.279,みんなと話をして、荷物の整理とかしたら、かな。すぐに帰るつもり。長く引っ張ると帰りづらいしね。,train,DECL-d2,f4edaf48ce3ade829bf16fecce91754c,wav/08276.wav,DECL,0
08591,H:\git\Ryza_voice\wav\08591.wav,ryza,5.725,な、なにここ……これが、北の大地……?,train,Q-d1,305a318f2771f51371671cdc52fffbbc,wav/08591.wav,Q,0
08669,H:\git\Ryza_voice\wav\08669.wav,ryza,9.112,仕方ないよ。自分の故郷を壊されたんだから。錬金術師ってだけで信じられないよね。,train,DECL-d2,35c02d46831302b7592f826077ea388c,wav/08669.wav,DECL,0
08955,H:\git\Ryza_voice\wav\08955.wav,ryza,6.809,考えてても答えなんて出ないよ。冒険なんだから、自分で見て回らなくちゃ!,train,EXCL-d2,61c1ee87d916bc622f5b760a701fa806,wav/08955.wav,EXCL,0
09010,H:\git\Ryza_voice\wav\09010.wav,ryza,8.283,クラウディア、大人になったな。私も負けないように頑張らないと!,train,EXCL-d2,b58061baca72c769811d457e25e522f7,wav/09010.wav,EXCL,0
09303,H:\git\Ryza_voice\wav\09303.wav,ryza,8.051,うん、それは大丈夫なんだけど、なんだか変な夢は…あれ?,train,Q-d2,621a45ce52c0ce2973b25a39b4e1a8a9,wav/09303.wav,Q,0
09311,H:\git\Ryza_voice\wav\09311.wav,ryza,4.539,確か、命に関わるって言ってましたっけ。,train,DECL-d0,46645e7e9f26d3f06f683cc2fac5b2a5,wav/09311.wav,DECL,0
09329,H:\git\Ryza_voice\wav\09329.wav,ryza,8.194,私、錬金術師だけど農家の娘でもあるからね。また来たら、きっとね。,train,DECL-d2,acf428e89704e91945f807cc304685e2,wav/09329.wav,DECL,0
09452,H:\git\Ryza_voice\wav\09452.wav,ryza,6.769,本当だ。まさか、人が住んでるなんてことないよね。,train,DECL-d1,338a3859ffce24e91df7883ab0214c2a,wav/09452.wav,DECL,0
00086,H:\git\Ryza_voice\wav\00086.wav,ryza,5.455,よくわからないけど、大切なことっぽいのはわかったよ。,train,DECL-d0,1d045993c90cbe5606def443a46ea062,wav/00086.wav,DECL,0
00105,H:\git\Ryza_voice\wav\00105.wav,ryza,4.863,何かすごく大切なものを探してたんだよね,train,DECL-d0,151ab74d9ec16f0efb52b5e49966601e,wav/00105.wav,DECL,0
00142,H:\git\Ryza_voice\wav\00142.wav,ryza,2.633,フィ、少しだけ待ってて。,train,DECL-d0,70cbb925742599043fa1dded50b76db8,wav/00142.wav,DECL,0
00339,H:\git\Ryza_voice\wav\00339.wav,ryza,5.718,似合う似合う。あとは名前を決めないとね。,train,DECL-d1,e2474e834b6cc8e12a4aabd626a33584,wav/00339.wav,DECL,0
00596,H:\git\Ryza_voice\wav\00596.wav,ryza,7.025,あれって、フィルフサじゃん。知ってるのと少し違う気がするけど。,train,DECL-d1,b061a94638f46bec85b43840d3a07aff,wav/00596.wav,DECL,0
09508,H:\git\Ryza_voice\wav\09508.wav,ryza,4.856,それは……今探してるところだけど……,train,ELL-d0,0ffc475712aec6848647367aedbebcae,wav/09508.wav,ELL,0
08299,H:\git\Ryza_voice\wav\08299.wav,ryza,7.062,誰だろう…ちょっとだけなら平気かな,train,DECL-d1,5f9c2d29bf0be4265f309065aad658f5,wav/08299.wav,DECL,0
03498,H:\git\Ryza_voice\wav\03498.wav,ryza,4.254,さてと、あたしたちはどうしよっか。,train,DECL-d0,6ed8969b9bf49e38b0447544a3ca2532,wav/03498.wav,DECL,0
05889,H:\git\Ryza_voice\wav\05889.wav,ryza,5.217,フィーはどう思う?これ、ちゃんと効果あるかな?,train,Q-d1,7a01c701b6f068dbb2489b02ca7ffb3e,wav/05889.wav,Q,0
00683,H:\git\Ryza_voice\wav\00683.wav,ryza,5.098,ちょ、ちょっと待って。タオでもそんなこと考えるの?,train,Q-d1,f5f64090372d12313c7f69ce2db2b5d4,wav/00683.wav,Q,0
01355,H:\git\Ryza_voice\wav\01355.wav,ryza,6.415,たお、どうかしたの?さっきからため息ばっかりついて。,train,DECL-d1,0ba426b71a5b875eeea89d88c77d38a0,wav/01355.wav,DECL,0
02884,H:\git\Ryza_voice\wav\02884.wav,ryza,10.085,私もそこだけは心残りだよ。せっかく会えたのに。もっとクラウディアと一緒に何かしたかった。,train,DECL-d2,10e47102ef6a6e78de737facc7454f9e,wav/02884.wav,DECL,0
02893,H:\git\Ryza_voice\wav\02893.wav,ryza,7.494,これ、人の手でくっつけられてる。大きな魔石を作りたかったのかな。,train,DECL-d2,2bc9456638c14769b8c9c18484924660,wav/02893.wav,DECL,0
05794,H:\git\Ryza_voice\wav\05794.wav,ryza,2.770,アンペルさん、大丈夫?,train,Q-d0,d041da113a3de81c2cadafe18bf541a6,wav/05794.wav,Q,0
03181,H:\git\Ryza_voice\wav\03181.wav,ryza,5.678,また壊れちゃったら困るかと思って。余計だった?,train,Q-d1,5b05a3932d12421cf30b92f753c33ed3,wav/03181.wav,Q,0
03384,H:\git\Ryza_voice\wav\03384.wav,ryza,9.765,あ、でも、今回はなんとか持ってこられたけど、これ以上増えたら持ち歩くのは難しいかも。,train,DECL-d2,e8ff480f2557c7223d6274c3c522b7c6,wav/03384.wav,DECL,0
05990,H:\git\Ryza_voice\wav\05990.wav,ryza,6.234,ここに残る理由がなくなっちゃったから、かな。やることやっちゃったしね。,train,DECL-d1,047416b5d11d69d5295f478c189af646,wav/05990.wav,DECL,0
07580,H:\git\Ryza_voice\wav\07580.wav,ryza,4.412,たぶん、この前もこんな感じだったし。,train,DECL-d0,24d7defc92d6ed4e0bfef66838734f7d,wav/07580.wav,DECL,0
03003,H:\git\Ryza_voice\wav\03003.wav,ryza,7.351,わからないけど、クリフォードさん、ずっと一人で探索してきたんだ。,train,DECL-d2,072c9c9da2366f6c7cbadd87b3b4511d,wav/03003.wav,DECL,0
05421,H:\git\Ryza_voice\wav\05421.wav,ryza,6.182,あれ?そういえばもう一つ仕事があるって,train,DECL-d1,04e33586ed709abc679a600c54219418,wav/05421.wav,DECL,0
03056,H:\git\Ryza_voice\wav\03056.wav,ryza,7.630,そっかー。でも、タオのご先祖様は何を調べようとしてたんだろう。,train,DECL-d2,657f562578a08c3c9bd4359b411c7fed,wav/03056.wav,DECL,0
05892,H:\git\Ryza_voice\wav\05892.wav,ryza,8.545,あくまでもできるかもって話だし それに花はたった一輪しかないんだよ,train,DECL-d2,6406af4f1ee6540ed177b18c9cb85135,wav/05892.wav,DECL,0
09308,H:\git\Ryza_voice\wav\09308.wav,ryza,3.343,はい、大丈夫ですよ。,train,DECL-d0,8c44b1d8bc5c908b8eeb6045c9dba8c1,wav/09308.wav,DECL,0
00406,H:\git\Ryza_voice\wav\00406.wav,ryza,10.617,つまり、竜の心臓を動かすには、巨竜の血が必要…ってことか。だんだんわかってきたかも。,train,DECL-d2,9dac42b0b73058af2f7901a743e450e1,wav/00406.wav,DECL,0
03147,H:\git\Ryza_voice\wav\03147.wav,ryza,7.336,よくは分からないけど、悪魔の力が凄く強いのは伝わってくる……,train,ELL-d1,1c19019243ce3b8ad6a066e784e653a1,wav/03147.wav,ELL,0
08648,H:\git\Ryza_voice\wav\08648.wav,ryza,4.806,それって、二つ?どういうこと?,train,Q-d1,0231bec8427e093fc36232510f58f6fd,wav/08648.wav,Q,0
06332,H:\git\Ryza_voice\wav\06332.wav,ryza,5.662,あれ?扉が開いてる。あんなしっかり閉まってたのに。,train,DECL-d1,c149b1bd75c8df520697046969ce5a12,wav/06332.wav,DECL,0
04971,H:\git\Ryza_voice\wav\04971.wav,ryza,3.579,誰かの声がした…ような…,train,ELL-d0,c3439228ce6ebf9bb90cd9882c0379ae,wav/04971.wav,ELL,0
08154,H:\git\Ryza_voice\wav\08154.wav,ryza,6.335,ううん、まだまだ取れてないのはあるでしょ? もう一回集めるよ!,train,EXCL-d1,391214fd05b06db99d9eabd80f5bca72,wav/08154.wav,EXCL,0
04365,H:\git\Ryza_voice\wav\04365.wav,ryza,2.770,レント、大丈夫?,train,Q-d0,dee407723319193b95fdd7f4d583b3c9,wav/04365.wav,Q,0
02700,H:\git\Ryza_voice\wav\02700.wav,ryza,8.649,それにしたって、あんなレント初めて見た……ケンコした時だってあんな態度取らなかったのに……,train,ELL-d2,699731d147c40e260e9904c9b69f5082,wav/02700.wav,ELL,0
03118,H:\git\Ryza_voice\wav\03118.wav,ryza,4.892,だから、みんなと別れてからは全くなかったんだよね。,train,DECL-d0,89704835cf89e31c96aa3afbe53d48ff,wav/03118.wav,DECL,0
03960,H:\git\Ryza_voice\wav\03960.wav,ryza,5.862,うん。あたし、そろそろ故郷に帰ろうと思って。,train,DECL-d1,03c175be16044d757e6f677fdb355a24,wav/03960.wav,DECL,0
09279,H:\git\Ryza_voice\wav\09279.wav,ryza,3.945,あれ、珍しいね。どうしたの?,train,Q-d0,f81239fc9bbd0c00e59beb25b3abc119,wav/09279.wav,Q,0
04844,H:\git\Ryza_voice\wav\04844.wav,ryza,6.202,そうだなぁ 実は何か関係があるとか,train,DECL-d1,a2d36efe35ebe06d1cc8d0f641acaa47,wav/04844.wav,DECL,0
02465,H:\git\Ryza_voice\wav\02465.wav,ryza,4.832,でも寂しくなるから泊まりは嫌って,train,DECL-d0,b3aa94c0ee72f4f72b7fbbc08d54af1f,wav/02465.wav,DECL,0
08568,H:\git\Ryza_voice\wav\08568.wav,ryza,6.769,ほんと突然ですね。急にどうしちゃったんですか?,train,Q-d2,4b669abc1d60780266ec8b78782ab7fc,wav/08568.wav,Q,0
06844,H:\git\Ryza_voice\wav\06844.wav,ryza,9.344,今までの遺跡にもあれと同じものがあって、それに触れるとフィーはすごく元気になるんだ。,train,DECL-d2,f66c7eba5bf4d95d53e0b949822ef2bc,wav/06844.wav,DECL,0
07703,H:\git\Ryza_voice\wav\07703.wav,ryza,6.453,超強力だと思うよ 栄養成分ググッと詰め込んどいたから,train,DECL-d1,5240a7fbf63559e6e8fcb6a6b6478b7a,wav/07703.wav,DECL,0
00637,H:\git\Ryza_voice\wav\00637.wav,ryza,8.614,ん?ねえ、あなた、ひょっとして隠れ家にいたあのプニなの?,train,Q-d2,75884a07e2ca6026584cc42b9178ca6f,wav/00637.wav,Q,0
07295,H:\git\Ryza_voice\wav\07295.wav,ryza,9.811,うーん、聞いたことないけど。でも、悠久の財宝?確かそれって……,train,ELL-d2,40fb9440a97c246d5ae240052687e023,wav/07295.wav,ELL,0
01476,H:\git\Ryza_voice\wav\01476.wav,ryza,7.130,私が見た遺跡の記憶でも、あの竜が動いてる様子はなかった、かな。,train,DECL-d1,871a27059f117efc87071904d227ad37,wav/01476.wav,DECL,0
02434,H:\git\Ryza_voice\wav\02434.wav,ryza,5.977,あの、あたしのこと、見えるの?わかる?,train,Q-d1,d58443ba430a3a19b525006d57940095,wav/02434.wav,Q,0
00304,H:\git\Ryza_voice\wav\00304.wav,ryza,6.065,あっちこっちにある金、あれはとても重要なものみたいなんだ。,train,DECL-d1,63e861505a3ea958de49d2b08814531d,wav/00304.wav,DECL,0
03678,H:\git\Ryza_voice\wav\03678.wav,ryza,6.186,見つけたってことは、持ち帰ってどこかに保管してあるんじゃないの?,train,Q-d2,76f2161afd31fa28d110021b86c1b8c2,wav/03678.wav,Q,0
06912,H:\git\Ryza_voice\wav\06912.wav,ryza,8.136,えっと、落ち着こう。あの石は実は石じゃなくて、卵だった。,train,DECL-d2,9c3b29679a35e5d1e4c3fbb4368c13d8,wav/06912.wav,DECL,0
00652,H:\git\Ryza_voice\wav\00652.wav,ryza,7.224,だからね、クラウディアがもう二度とそんな気持ちにならないように、はっきり言うよ。,train,DECL-d1,58907d7d731327172ab97e8f5f7a285a,wav/00652.wav,DECL,0
09002,H:\git\Ryza_voice\wav\09002.wav,ryza,5.125,それで、どうしたの? 何か用事があってきたんでしょ?,train,Q-d1,17a6fcde622909861cab78d3fcf90688,wav/09002.wav,Q,0
07144,H:\git\Ryza_voice\wav\07144.wav,ryza,6.051,綺麗な油でしょ? でも、舐めたらダメだよ?,train,Q-d1,9abdb901b4bed78b40a74c5230a6d6ba,wav/07144.wav,Q,0
02493,H:\git\Ryza_voice\wav\02493.wav,ryza,6.866,ブルネン家の男じゃなくたってこれくらいのことは言えるんだから,train,DECL-d1,ac4021e6194fcaa4a6cf2eaea264c019,wav/02493.wav,DECL,0
09368,H:\git\Ryza_voice\wav\09368.wav,ryza,7.315,北の大地…確か崖の向こうの?さすがにちょっと…,train,ELL-d1,0fc6d550fb454bbea497fb5128ac803f,wav/09368.wav,ELL,0
03826,H:\git\Ryza_voice\wav\03826.wav,ryza,7.986,そうだ思い出した 私遺跡の記憶の中でこのフィルサを見たんだ,train,DECL-d2,36cdb4cc256b2f89caebc38ed3fe5a11,wav/03826.wav,DECL,0
07736,H:\git\Ryza_voice\wav\07736.wav,ryza,7.575,紫色の鉱石、こんなの見たことない。デニスさんは知ってる?,train,Q-d2,6c162e42fcff44bddc3e0c38eee31f2f,wav/07736.wav,Q,0
05671,H:\git\Ryza_voice\wav\05671.wav,ryza,9.344,準備できたけど、本当にいいの?釜の中に入れたら、もう取り返しはつかないよ?,train,Q-d2,9fbad51c21012718877647f6c07acfea,wav/05671.wav,Q,0
08894,H:\git\Ryza_voice\wav\08894.wav,ryza,9.139,岩…なら、ちょうど良さそうなものがあるな…わかりました!早速作ってきます!,train,EXCL-d2,af88d365bb4e0ff96b7b5140e9c7c01c,wav/08894.wav,EXCL,0
03688,H:\git\Ryza_voice\wav\03688.wav,ryza,5.745,これって……あ、いやいや、そういうことじゃないか……,train,ELL-d0,7ab40913d5060764e691d71a93480fc4,wav/03688.wav,ELL,0
05916,H:\git\Ryza_voice\wav\05916.wav,ryza,4.583,まあ、私が持ってても仕方ないし、いいよ。,train,DECL-d0,f3093ac534bd9246bd9dd196715a7719,wav/05916.wav,DECL,0
04127,H:\git\Ryza_voice\wav\04127.wav,ryza,5.891,どうかな結構よくできたと思うんだけど,train,DECL-d1,00ada782f8c9462766c5f8d6d44a3bc4,wav/04127.wav,DECL,0
04567,H:\git\Ryza_voice\wav\04567.wav,ryza,3.382,うん、よろしくね、カサンダラさん。,train,DECL-d0,7eae172f2125e752045b14a35d5dc454,wav/04567.wav,DECL,0
07502,H:\git\Ryza_voice\wav\07502.wav,ryza,4.349,大丈夫?また喧嘩になったりしてない?,train,Q-d0,8d7693a1663f4493991ff80c937bf2b6,wav/07502.wav,Q,0
01929,H:\git\Ryza_voice\wav\01929.wav,ryza,7.934,あの様子だと、きっと本を買うと思うの。そしたら、どんな本を買ったのか聞いてあげてね。,train,DECL-d2,b9f8f5243428266c9450de3e23910999,wav/01929.wav,DECL,0
07459,H:\git\Ryza_voice\wav\07459.wav,ryza,9.699,あと、教えてる子供たちが帰るときなんかも、ありがとうって言ってくれるけど、あれは挨拶かな。,train,DECL-d2,681420b2285a4516a52f97d2eeca3004,wav/07459.wav,DECL,0
06109,H:\git\Ryza_voice\wav\06109.wav,ryza,7.633,私、そろそろ島に帰ろうと思って。ほら、部屋借りてたから伝えておかないと。,train,DECL-d2,765e28e8b9a6f983e131b2eb33bc1fe2,wav/06109.wav,DECL,0
06336,H:\git\Ryza_voice\wav\06336.wav,ryza,7.749,カサンドラさん、すごいよね。何年も身をつけないのに、諦めないなんて。,train,DECL-d2,77ed847fcc8b068c8d4d5591345412f8,wav/06336.wav,DECL,0
08237,H:\git\Ryza_voice\wav\08237.wav,ryza,4.760,つまり、何かを作ってこいってことですか?,train,Q-d0,641f9c88c4816625aa017f6ce6b2f4cd,wav/08237.wav,Q,0
00355,H:\git\Ryza_voice\wav\00355.wav,ryza,6.049,あたしも、森に行ったときは特にみんなのこと考えてたっけ。,train,DECL-d1,f20f02f99d8f7e0ac5e71a997f9bbe9f,wav/00355.wav,DECL,0
03931,H:\git\Ryza_voice\wav\03931.wav,ryza,4.076,え、なにそれ、そんなこと言ってたっけ?,train,Q-d0,41e5020d86eb3f318ec29356b20cc742,wav/03931.wav,Q,0
08884,H:\git\Ryza_voice\wav\08884.wav,ryza,3.533,見てないけど、どうして?,train,Q-d0,9587c3f0f9a60920605d2030cec71cf4,wav/08884.wav,Q,0
07745,H:\git\Ryza_voice\wav\07745.wav,ryza,5.789,だって、そうなったら考えてあげてもいいかもね。,train,DECL-d1,21ec603caffc902dfaed3980420df4e7,wav/07745.wav,DECL,0
08630,H:\git\Ryza_voice\wav\08630.wav,ryza,5.176,ふっふっふん。それは出来てからのお楽しみよ!,test,EXCL-d1,61ba89b3daffa921430c06e4be51c5c2,wav/08630.wav,EXCL,0
01013,H:\git\Ryza_voice\wav\01013.wav,ryza,5.451,もしかしてパティとヴォルカーさん喧嘩中だった?,train,Q-d1,e0ef78e628c11ba209e370e6928a9ec9,wav/01013.wav,Q,0
07337,H:\git\Ryza_voice\wav\07337.wav,ryza,6.096,種にはできたけど、ちゃんと浄化の力もありそう?,train,Q-d1,d401bf9fa68a689eaf0705d878509f92,wav/07337.wav,Q,0
08583,H:\git\Ryza_voice\wav\08583.wav,ryza,4.641,嘘は言ってないけど、いいのかなぁ…,train,ELL-d0,a8edb9cf2b0574ded5359a2149c0885f,wav/08583.wav,ELL,0
08682,H:\git\Ryza_voice\wav\08682.wav,ryza,4.745,そっか、私、気を失ってたんだ。,train,DECL-d0,dec3542438080f9ee882179c8d22cc71,wav/08682.wav,DECL,0
09103,H:\git\Ryza_voice\wav\09103.wav,ryza,2.825,そうだったら嬉しいな,train,DECL-d0,9a7d72177122d16c7e532e0682a58417,wav/09103.wav,DECL,0
02039,H:\git\Ryza_voice\wav\02039.wav,ryza,3.034,何か新しい発見でもあったの?,train,Q-d0,cd537724716a351434a4f35a282e7d7a,wav/02039.wav,Q,0
00679,H:\git\Ryza_voice\wav\00679.wav,ryza,5.691,たぶんね。けど、そのためにはまだ情報が足りないの。,train,DECL-d1,236bd46cd313f9a7fa79eee883f602bd,wav/00679.wav,DECL,0
05273,H:\git\Ryza_voice\wav\05273.wav,ryza,4.604,もう片方の星のほうに行けたのかな?,train,Q-d0,da97decbdf7779d0b53a0d3091aced4d,wav/05273.wav,Q,0
05514,H:\git\Ryza_voice\wav\05514.wav,ryza,4.571,ていうか、まだ劣等感抱いちゃってるわけ?,train,Q-d0,b825d0b0fc9ae4a0588a4284388caabd,wav/05514.wav,Q,0
04334,H:\git\Ryza_voice\wav\04334.wav,ryza,4.246,ひとつはね、もうひとつはあたしの!,train,EXCL-d0,62310ef3ce23986cff161b8bf1df7e24,wav/04334.wav,EXCL,0
08877,H:\git\Ryza_voice\wav\08877.wav,ryza,5.466,……そっか。でも、セリさんの目的は分かった。,train,DECL-d0,34fe5e0498b372200acac14a3c296979,wav/08877.wav,DECL,0
08217,H:\git\Ryza_voice\wav\08217.wav,ryza,5.567,あたしたちとボスって、島にいた頃はギスギスしてたの。,train,DECL-d1,51aeede8fc31828c3ce40e0c35ef3488,wav/08217.wav,DECL,0
00938,H:\git\Ryza_voice\wav\00938.wav,ryza,4.665,恥ずかしいこと言っちゃったね,train,DECL-d0,0457dc37694d5694ae3d7f45f039303c,wav/00938.wav,DECL,0
07452,H:\git\Ryza_voice\wav\07452.wav,ryza,4.689,ねえ、タオ。この石板にはなんて書いてあるの?,train,Q-d0,5ae53cacdcea06fc9349c83b67f3ff57,wav/07452.wav,Q,0
04666,H:\git\Ryza_voice\wav\04666.wav,ryza,6.179,それ、さっきも言ってたよね。遺跡が生きてるってどういうこと?,train,Q-d2,433b4f19105337c02233a1c7899ace0b,wav/04666.wav,Q,0
00984,H:\git\Ryza_voice\wav\00984.wav,ryza,5.515,なんか、特徴的にフィーっぽくない?,train,Q-d1,30ea8317c43dc41c7f8f613e8f37f5d0,wav/00984.wav,Q,0
01023,H:\git\Ryza_voice\wav\01023.wav,ryza,6.952,ごめんごめん。でもレントの気持ちちょっとわかるかも。,train,DECL-d1,29c44e0dc05f6f3c014495bac78fbba7,wav/01023.wav,DECL,0
02125,H:\git\Ryza_voice\wav\02125.wav,ryza,4.682,そのためなら、ある程度の危険は覚悟の上だよ。,train,DECL-d0,050187e7334317fa61ba8e17a002e3ce,wav/02125.wav,DECL,0
04098,H:\git\Ryza_voice\wav\04098.wav,ryza,8.066,このしるし、星の都星ってこと?いやいや、まさかね,train,DECL-d2,9c8805db426c79a4b77433fa3513be90,wav/04098.wav,DECL,0
03502,H:\git\Ryza_voice\wav\03502.wav,ryza,6.607,もう、私の話はおしまい。クラウディアこそどうだったの?,train,Q-d2,89a574be76e8a39949059806cb5b9ba6,wav/03502.wav,Q,0
06802,H:\git\Ryza_voice\wav\06802.wav,ryza,8.007,この石……握ってると、力を吸い取られる感覚が……,train,ELL-d2,5a7ee5a69900b271f5215f315d1ff842,wav/06802.wav,ELL,0
03173,H:\git\Ryza_voice\wav\03173.wav,ryza,3.962,本当にありがとうフィー,train,DECL-d0,5ba20ae7f264c1d6cb43e1e9d05dac70,wav/03173.wav,DECL,0
02406,H:\git\Ryza_voice\wav\02406.wav,ryza,3.516,……一度、戻ろうか。,train,DECL-d0,ecc7c3f8af01056151886142b51ac637,wav/02406.wav,DECL,0
00050,H:\git\Ryza_voice\wav\00050.wav,ryza,6.681,困った子なんだからそれじゃあえっと,train,DECL-d1,8adf01760ae389365cd8efffae569796,wav/00050.wav,DECL,0
04540,H:\git\Ryza_voice\wav\04540.wav,ryza,5.217,あれれ、もしかして選べなかったの?,train,Q-d1,2d94c982c3299a268d292ea6d5391b62,wav/04540.wav,Q,0
00045,H:\git\Ryza_voice\wav\00045.wav,ryza,5.924,そういうこと。ごめんね。こんな探し方しかできなくて。,test,DECL-d1,da2c95899caab192c525670a33047019,wav/00045.wav,DECL,1
03128,H:\git\Ryza_voice\wav\03128.wav,ryza,6.542,から元気でごまかしてたけどさ、本当はずっと不安だったんだ。,train,DECL-d1,bd615fe1237a34b242c91069786cc769,wav/03128.wav,DECL,0
04827,H:\git\Ryza_voice\wav\04827.wav,ryza,3.129,ちょっと大変でしたけどね,train,DECL-d0,03a8e122d4aaf46483cb80ada18d462f,wav/04827.wav,DECL,0
00704,H:\git\Ryza_voice\wav\00704.wav,ryza,5.152,そうだね。ちょっと警戒した方がいいかも。,train,DECL-d0,38dedf3632c4a4ca3369cbfea7d69e0b,wav/00704.wav,DECL,0
03579,H:\git\Ryza_voice\wav\03579.wav,ryza,6.907,反転させたからここはこんな状態になっちゃったのかな,train,DECL-d1,dd5812a68a863d2eb3ae6c973144a6b8,wav/03579.wav,DECL,0
02463,H:\git\Ryza_voice\wav\02463.wav,ryza,4.908,ずっと暗い坑道を歩いてきたから、ちょっと落ち着くね。,test,DECL-d0,66b91032fede5e2b938e3ae6b05d2051,wav/02463.wav,DECL,0
05969,H:\git\Ryza_voice\wav\05969.wav,ryza,4.648,大丈夫?どこか怪我してない?,train,Q-d0,252384a0ad2603708ad902cb56c1b854,wav/05969.wav,Q,0
07197,H:\git\Ryza_voice\wav\07197.wav,ryza,5.082,こっちもだ、もう動いてないみたい,train,DECL-d0,fb2fcdc58afb881a63541fdd055148ba,wav/07197.wav,DECL,0
04745,H:\git\Ryza_voice\wav\04745.wav,ryza,8.603,でも、伝承と関連づけて考えると、ここは遺跡の一つで間違いないってことだね。,train,DECL-d2,26590bbc5fa0cd4f403d4a9d646e31ba,wav/04745.wav,DECL,0
09399,H:\git\Ryza_voice\wav\09399.wav,ryza,5.059,綺麗な短刀……大切なものだったのかな?,train,Q-d1,efa93260f664868607ded37eaff994ce,wav/09399.wav,Q,0
03124,H:\git\Ryza_voice\wav\03124.wav,ryza,4.583,まったく、ちょっと待ってね。,train,DECL-d0,3565fb6acd2fced4e2cf8b0789240951,wav/03124.wav,DECL,0
03166,H:\git\Ryza_voice\wav\03166.wav,ryza,12.042,んー、この前見つけたこれ、何に使うんだろう。この形、どこかで見たことがある気が……,train,ELL-d2,1a322830fb393a637f3a2f225b642f01,wav/03166.wav,ELL,0
01642,H:\git\Ryza_voice\wav\01642.wav,ryza,8.920,それに、もしできたとしても絶対にしない。そんなことしたら、あの森を壊しちゃうかもしれないでしょ?,train,Q-d2,9f04aecbedf098059f10f1942afa5fbe,wav/01642.wav,Q,0
00084,H:\git\Ryza_voice\wav\00084.wav,ryza,6.546,一つを二つにするんじゃなくて、逆に二つを一つにするような……,train,ELL-d1,79ce3c6fc40bd8c58d92e36ad52e4511,wav/00084.wav,ELL,0
08221,H:\git\Ryza_voice\wav\08221.wav,ryza,4.471,ボティ?もちろん、そこに座って。,train,DECL-d0,2a109d3e829d7b82b399f1e3b1a122eb,wav/08221.wav,DECL,0
00285,H:\git\Ryza_voice\wav\00285.wav,ryza,3.518,二人とも、これからもよろしくね!,train,EXCL-d0,146e9458beb10a6a96831275f65525f6,wav/00285.wav,EXCL,0
02183,H:\git\Ryza_voice\wav\02183.wav,ryza,7.400,いつもそればっかりじゃないよ。それに、ちょっと謝っておこうかと思って。,train,DECL-d2,8af6d253706864a303aad5f627578033,wav/02183.wav,DECL,0
06560,H:\git\Ryza_voice\wav\06560.wav,ryza,3.953,いらっしゃい。あ、レンとも一緒なんだ。,train,DECL-d0,aaa39b22b75999b67bdf26fd37211ca1,wav/06560.wav,DECL,0
06468,H:\git\Ryza_voice\wav\06468.wav,ryza,3.725,これに触れれば、分かったりするかな。,train,DECL-d0,62e6a60569b9d0170f435888690674e4,wav/06468.wav,DECL,0
08728,H:\git\Ryza_voice\wav\08728.wav,ryza,7.773,えっと、結構便利なものみたい。わかる限りのことを説明するね。,train,DECL-d2,12da86cb744355303ddbc7c7a216da0c,wav/08728.wav,DECL,0
04419,H:\git\Ryza_voice\wav\04419.wav,ryza,4.709,すごい混んでるね。今日って何かあるの?,train,Q-d0,0d52a22f98145ce599db31f4f20440a8,wav/04419.wav,Q,0
00387,H:\git\Ryza_voice\wav\00387.wav,ryza,5.707,あはは、そう言われるんじゃないかなーって予想をしてたよ。,train,DECL-d1,6fe395337e9eda86aaf0bf8469563a90,wav/00387.wav,DECL,0
03723,H:\git\Ryza_voice\wav\03723.wav,ryza,4.161,良かったの? レンとは一緒に行かなくて。,train,DECL-d0,966772d79aebcb125a0580e08937275f,wav/03723.wav,DECL,0
00324,H:\git\Ryza_voice\wav\00324.wav,ryza,7.578,馬鹿だよ坊主は。資格なんて、そんなの必要ないのに。,train,DECL-d2,aa0f0503d50c4429db364e53fab9a220,wav/00324.wav,DECL,0
04473,H:\git\Ryza_voice\wav\04473.wav,ryza,5.149,でも、それってどんなものがいいのかな。,train,DECL-d0,6a16c08ac1871da02eefd2945df66f0a,wav/04473.wav,DECL,0
00760,H:\git\Ryza_voice\wav\00760.wav,ryza,5.584,絶対、誰かと一緒のほうが楽しいと思うんだけどな。,train,DECL-d1,d54e6128146b35ade02b3636f9b08679,wav/00760.wav,DECL,0
00619,H:\git\Ryza_voice\wav\00619.wav,ryza,3.562,これも、また動いてるねー。,train,DECL-d0,a1bc3b5d5a211df931fb51b0bfa1481f,wav/00619.wav,DECL,0
05369,H:\git\Ryza_voice\wav\05369.wav,ryza,4.760,フィルフサじゃないの? でもちょっと見た目が……,train,ELL-d0,6bd73dcb63a67081929e501ed6a3d5df,wav/05369.wav,ELL,0
05770,H:\git\Ryza_voice\wav\05770.wav,ryza,3.177,私も協力するよ,train,DECL-d0,d515a595bb6d5a5e9b7e2e9a9a2d00fd,wav/05770.wav,DECL,0
01552,H:\git\Ryza_voice\wav\01552.wav,ryza,6.642,トレジャーハンターじゃないから足手まといになっちゃうかもしれないけどね,train,DECL-d1,4a4e49e795b2f8505796ee57b9df3185,wav/01552.wav,DECL,0
00325,H:\git\Ryza_voice\wav\00325.wav,ryza,5.487,タオとはこれからもずっと仲良くしてやってよ,train,DECL-d1,9cf45d0a6559ad84b3ec660433885742,wav/00325.wav,DECL,0
09350,H:\git\Ryza_voice\wav\09350.wav,ryza,5.220,うん。今度こそ、目的の宝物にたどり着けるといいね。,train,DECL-d0,3225c944ce4eb16ff251c48addafb994,wav/09350.wav,DECL,0
07294,H:\git\Ryza_voice\wav\07294.wav,ryza,7.827,見るつもりはなかったんだけど、森でボウスが剣の稽古してるの見ちゃって。,train,DECL-d2,95034e77ec0a93e6982dbe241ba85407,wav/07294.wav,DECL,0
06506,H:\git\Ryza_voice\wav\06506.wav,ryza,8.210,タオに誘われてこっちに来たわけだけど、やれそうなこともだいたい終わったかなって思うから。,train,DECL-d2,1d6b071fc3deb2f0d912fc3ffe8a71b9,wav/06506.wav,DECL,0
01593,H:\git\Ryza_voice\wav\01593.wav,ryza,8.689,ひどい言いがかり。でも、聞けてよかったと思うよ。レントもそうじゃない?,train,Q-d2,052ddb5c3e41c4d1170f6330c1171db7,wav/01593.wav,Q,0
06072,H:\git\Ryza_voice\wav\06072.wav,ryza,3.326,ため息つかないでよ,train,DECL-d0,6f0fba1ae4b9bd670a44861e4ddb3ba2,wav/06072.wav,DECL,0
01301,H:\git\Ryza_voice\wav\01301.wav,ryza,2.982,ううん、あたしだけだよ,train,DECL-d0,6c2919b6dbf32e8e397f1f6d35f06347,wav/01301.wav,DECL,0
02652,H:\git\Ryza_voice\wav\02652.wav,ryza,5.400,そんなことないよ。だって応援するって言ったでしょ。,train,DECL-d0,3aa161ef76bb30045061e477e17cbf5d,wav/02652.wav,DECL,0
02579,H:\git\Ryza_voice\wav\02579.wav,ryza,4.969,セリさん、どう? それなら異界の浄化はできそう?,train,Q-d1,efb11b68934042f149651d5345a2a59a,wav/02579.wav,Q,0
06927,H:\git\Ryza_voice\wav\06927.wav,ryza,9.375,本当に大事なものは見逃したらダメ!私は、ボスのいいところ、見逃さなかったよ。,train,DECL-d2,a060d26d83039af4d49fc5b42f25bb54,wav/06927.wav,DECL,0
09351,H:\git\Ryza_voice\wav\09351.wav,ryza,4.823,やめた方がいいと思う。たぶん腐っちゃうよ。,train,DECL-d0,8c84b6dc2e2aa5edc9855d62d7c9de7f,wav/09351.wav,DECL,0
02739,H:\git\Ryza_voice\wav\02739.wav,ryza,7.281,うん、わかってるって。坊主がそんなこと思うはずないし。,train,DECL-d1,94fc0049e079457f01e49f19bd4a0401,wav/02739.wav,DECL,0
09557,H:\git\Ryza_voice\wav\09557.wav,ryza,6.115,書庫の本ってことは、ご先祖様が残した本?,test,Q-d2,60a91fd63bbc88ebda8dc4b85bfa146a,wav/09557.wav,Q,0
04186,H:\git\Ryza_voice\wav\04186.wav,ryza,7.241,そう?ボオスがそう言ってくれるならいいけど。よかったね、ビー。,train,DECL-d1,e8e2815c923c5be57bcdbe210e773711,wav/04186.wav,DECL,0
08405,H:\git\Ryza_voice\wav\08405.wav,ryza,6.343,でも、今回は不意をつかれたわけじゃない。もう負けないんだから!,train,EXCL-d1,859b066641439f23ed3cabff84e89ed2,wav/08405.wav,EXCL,0
04566,H:\git\Ryza_voice\wav\04566.wav,ryza,6.077,異界の魔力って……じゃあ、フィーを元気にしたのは……,test,ELL-d1,94230349e43a1bf741ef22393aea6f9f,wav/04566.wav,ELL,0
07605,H:\git\Ryza_voice\wav\07605.wav,ryza,8.982,なるほどね。あたしたちより前に誰かが倒してたら、もうここには出てこなかったはずだもんね。,train,DECL-d2,ffebc3001ed2183e63bc1ec5af391fb6,wav/07605.wav,DECL,0
06799,H:\git\Ryza_voice\wav\06799.wav,ryza,4.039,レントはかなりワイルドになったよね。,train,DECL-d0,96e56049d6a7b230971616c3d2ef0ec4,wav/06799.wav,DECL,0
00378,H:\git\Ryza_voice\wav\00378.wav,ryza,7.913,あはは、憎まれ口も相変わらずでよかったよ。ところで……,train,ELL-d1,e59447a04b8459291349f05f1f245e99,wav/00378.wav,ELL,0
08376,H:\git\Ryza_voice\wav\08376.wav,ryza,5.178,できた これならあの崖に橋を架けられるはず,train,DECL-d0,122eddd04b36e506e36894afc16ecb03,wav/08376.wav,DECL,0
06505,H:\git\Ryza_voice\wav\06505.wav,ryza,2.646,ボオスの言った通りね。,test,DECL-d0,95f724926b3becdee847cab264acc426,wav/06505.wav,DECL,1
05543,H:\git\Ryza_voice\wav\05543.wav,ryza,8.026,パティ、友達がたくさんいるってすごいことだよ。だから、ちゃんと大切にした方がいいと思うよ。,train,DECL-d2,e97b0ea3ef4068cfbe188e44dd3cf033,wav/05543.wav,DECL,0
00458,H:\git\Ryza_voice\wav\00458.wav,ryza,8.367,一番こういうのに詳しそうなのは、タオかな、やっぱり。聞いてみるか。,train,DECL-d2,42d71e20055c47db50c04a467d84d2a0,wav/00458.wav,DECL,0
07437,H:\git\Ryza_voice\wav\07437.wav,ryza,8.335,悪魔を統率する王……それって、蝕みの女王みたいなやつのことかな?,train,Q-d2,9201c783cbd59327da7e8a1c04f762fe,wav/07437.wav,Q,0
02882,H:\git\Ryza_voice\wav\02882.wav,ryza,4.653,え?じゃあ、私たちも勘違いされてるかも。,train,DECL-d0,866f4be9ca5066d9b1a5b29fff202131,wav/02882.wav,DECL,0
04783,H:\git\Ryza_voice\wav\04783.wav,ryza,4.039,あ、うん、ちょっとぼーっとしちゃってた。,train,DECL-d0,940246ce43b26a0784f524f2fa691ce4,wav/04783.wav,DECL,0
04406,H:\git\Ryza_voice\wav\04406.wav,ryza,4.630,間違いない。門が近くにあるのを感じる。,train,DECL-d0,53463a2acc6c8c10f1d63edec146a16b,wav/04406.wav,DECL,0
00151,H:\git\Ryza_voice\wav\00151.wav,ryza,7.007,そもそもフィーがどういう子なのかもよくわかってないし,test,DECL-d1,e731e48fe32fc43bb8fa29710d87aac8,wav/00151.wav,DECL,0
02741,H:\git\Ryza_voice\wav\02741.wav,ryza,7.868,アンペルさんは何か引っかかってたみたいだった それて何だったのかなって,train,DECL-d2,d512d0123cfde01e87f03d69efaffe36,wav/02741.wav,DECL,0
05325,H:\git\Ryza_voice\wav\05325.wav,ryza,7.604,そっか…。でも、これで一つは覚えられたから、前向きに行かなくちゃ!,train,EXCL-d2,6be5bd3c5905a305e840a57688d2a343,wav/05325.wav,EXCL,0
08655,H:\git\Ryza_voice\wav\08655.wav,ryza,7.060,人の血をこす大まじない……それって錬金術のこと?,train,Q-d2,213bb6b03ac723f3fad1b81d92d6a461,wav/08655.wav,Q,0
01036,H:\git\Ryza_voice\wav\01036.wav,ryza,3.851,まだだよ。まだ諦めない。,train,DECL-d0,e4960b31cb73a4f9092de396a8c28f0f,wav/01036.wav,DECL,0
07529,H:\git\Ryza_voice\wav\07529.wav,ryza,8.314,ボスは考えすぎよ。勉強も剣も錬金術もただの特技なんだから。,train,DECL-d2,690b0678a147d19a191de9a556591e8e,wav/07529.wav,DECL,0
08690,H:\git\Ryza_voice\wav\08690.wav,ryza,7.357,わからないけど、いてほしいよね。フィーだけなんて寂しいもの。,train,DECL-d2,a911e333a0e6ddac0d5c2ead5f3a41eb,wav/08690.wav,DECL,0
01537,H:\git\Ryza_voice\wav\01537.wav,ryza,7.863,そういう反応ってことは、つまり、なかったってことだよね。,train,DECL-d2,db9c78cd3962df99b3a556e05d685661,wav/01537.wav,DECL,0
06503,H:\git\Ryza_voice\wav\06503.wav,ryza,7.492,みたいね。タオのことだから、また伝承のことでも考えてたんじゃない?,train,Q-d2,923166b6bed7387a976630fde9410c65,wav/06503.wav,Q,0
08824,H:\git\Ryza_voice\wav\08824.wav,ryza,6.057,なんとかなりそう。デニスさん、道具の方は私に任せて。,train,DECL-d1,45b05a85ff9e3625c4e8bc42c24b1379,wav/08824.wav,DECL,0
06382,H:\git\Ryza_voice\wav\06382.wav,ryza,11.932,ふぅ…最近よく寝てるなぁ…遊び回るのも大変だけど、これはこれでちょっと寂しい…,train,ELL-d2,313d49b142bc5337c8d5bd805f91d2bb,wav/06382.wav,ELL,0
03652,H:\git\Ryza_voice\wav\03652.wav,ryza,5.141,それって、農作業好きになれたってこと?,train,Q-d1,4b04a03bfad69401fbdb12586bf28d88,wav/03652.wav,Q,0
05386,H:\git\Ryza_voice\wav\05386.wav,ryza,3.834,それを、あたしも見てみたかったんだ。,train,DECL-d0,34bb6f47b630628717b22eff98c40fba,wav/05386.wav,DECL,0
03338,H:\git\Ryza_voice\wav\03338.wav,ryza,7.909,古い…石板だ…。何が書いてあるのかはさっぱりだな…。,train,DECL-d2,ca502c29b91aa8fc76daf2f6aafae761,wav/03338.wav,DECL,0
06686,H:\git\Ryza_voice\wav\06686.wav,ryza,6.953,そうだよね。キロさんと比べたらまた会うのなんて簡単だよね。,train,DECL-d1,8588cf6f0652c395f7b5b09539940af8,wav/06686.wav,DECL,0
05324,H:\git\Ryza_voice\wav\05324.wav,ryza,5.244,いつしか青さが薄れ、高くなっていた空のもと。,train,DECL-d0,c22c5eaac56d9dac3c3f0e35fd01b760,wav/05324.wav,DECL,0
00567,H:\git\Ryza_voice\wav\00567.wav,ryza,5.079,他王の覚悟も決まったみたいね。 じゃあ行くよ!,train,EXCL-d0,3b2638e9139cc8e1cf87ed355e38709c,wav/00567.wav,EXCL,0
05769,H:\git\Ryza_voice\wav\05769.wav,ryza,4.296,なんだか、錬金術みたい。,train,DECL-d0,1f21c3a58fcde007ce9c563a7751dc4a,wav/05769.wav,DECL,0
05492,H:\git\Ryza_voice\wav\05492.wav,ryza,6.678,レント、なんか年寄りっぽいこと言ってる。この3年で老け込んだんじゃない?,train,Q-d2,9bb6578f511556e2b8a7776e8240a169,wav/05492.wav,Q,0
06639,H:\git\Ryza_voice\wav\06639.wav,ryza,9.474,そうだけど、そんな悪い人には見えないし。それに、ダメって言っても一人で行きそうだし。,train,DECL-d2,b1e3826f8c072c4bccc0442cf7aa3bdb,wav/06639.wav,DECL,0
02297,H:\git\Ryza_voice\wav\02297.wav,ryza,3.814,そのときは、また一緒に冒険しよ!,train,EXCL-d0,e3e39e92e9c833196d06afe11705282d,wav/02297.wav,EXCL,0
04603,H:\git\Ryza_voice\wav\04603.wav,ryza,5.355,もしかして、鍵みたいなのが必要なのかな?,train,Q-d1,db37f7e0059c4ee5e748e7ad05d4c650,wav/04603.wav,Q,0
02469,H:\git\Ryza_voice\wav\02469.wav,ryza,9.733,実はさ、頑張ってた理由って、ただ異界を救いたかったってだけじゃないんだよね。,test,DECL-d2,f29296542ecefa1671bf757e5688d9b9,wav/02469.wav,DECL,1
08608,H:\git\Ryza_voice\wav\08608.wav,ryza,9.347,あ、そっか。うむむむ。がぜん興味がわいてきたよ。そうとわかれば、奥に行ってみよう。,train,DECL-d2,097117f7c2012eea08ee27ca95957add,wav/08608.wav,DECL,0
05368,H:\git\Ryza_voice\wav\05368.wav,ryza,9.053,そっか。欲張って管理できないくらい育てようとしても、いいものはできないし、悪ければダメになる。,test,DECL-d2,a3bcaf42255c462b32ed366c83788460,wav/05368.wav,DECL,0
07271,H:\git\Ryza_voice\wav\07271.wav,ryza,7.541,話してくれて嬉しかったよ。これからも良き錬金術師として頑張るね!,train,EXCL-d2,2620c79ce10587606ec9a7bccdf532e7,wav/07271.wav,EXCL,0
07008,H:\git\Ryza_voice\wav\07008.wav,ryza,5.617,あのデニスさんコンテストまでの残り時間は,train,DECL-d1,69fc074467ad2f64fa2dc53628d3181b,wav/07008.wav,DECL,0
04195,H:\git\Ryza_voice\wav\04195.wav,ryza,3.363,え、セリさんはどこへ行くの?,train,Q-d0,907ed437fb90313f7c8944526981ad2d,wav/04195.wav,Q,0
03346,H:\git\Ryza_voice\wav\03346.wav,ryza,7.436,ごめんね、ゼフィーヌさん。二人のせいで大変なお仕事増やしちゃって。,train,DECL-d2,5be2a78cc788286b9d3e23e153317a45,wav/03346.wav,DECL,0
07861,H:\git\Ryza_voice\wav\07861.wav,ryza,4.671,え?い、一応褒めてるんだけど…,train,ELL-d0,89c2ee1296c7cde4c51b489cb8395ed4,wav/07861.wav,ELL,0
05412,H:\git\Ryza_voice\wav\05412.wav,ryza,7.821,人から信じてもらえるって、大きな自信になるから、とってもありがたいことだなって思ってるな。,train,DECL-d2,360d21f2c9c96de3e4d38e5ad2d8308b,wav/05412.wav,DECL,0
02764,H:\git\Ryza_voice\wav\02764.wav,ryza,6.414,あれ、も、もしかして、何も撮れなかった、とか?,train,Q-d2,05eaa2683267130fa9faf1d73f6c4af9,wav/02764.wav,Q,0
01963,H:\git\Ryza_voice\wav\01963.wav,ryza,3.718,私、すっごく嬉しかったよ。,train,DECL-d0,f69adc4fbc5dbd28140456b93cfc3b1b,wav/01963.wav,DECL,0
05801,H:\git\Ryza_voice\wav\05801.wav,ryza,8.204,これ錬金術のレシピに似てる? もしかして私にも作れちゃうかな?,train,Q-d2,31f0fb67552103068d6c76684b4e1651,wav/05801.wav,Q,0
05474,H:\git\Ryza_voice\wav\05474.wav,ryza,8.197,具体的にはわからないけど、鐘なんだし、鳴らしてみたら何か起きるかも。,train,DECL-d2,84b7106c3c92856623d58892fd6ea5c6,wav/05474.wav,DECL,0
01124,H:\git\Ryza_voice\wav\01124.wav,ryza,7.646,変わった人だったなー。王都って、ああいう人がたくさんいるのかな?,train,Q-d2,2fec0eb2cbd582aa08f1fffb0f8431e9,wav/01124.wav,Q,0
06055,H:\git\Ryza_voice\wav\06055.wav,ryza,9.121,それ、本当に大事にしてるみたいね。何年も使い込んで、何回も修理した跡があったよ。,train,DECL-d2,6daf3afc141df527a5ef461fe90f445f,wav/06055.wav,DECL,0
01493,H:\git\Ryza_voice\wav\01493.wav,ryza,6.098,そういうことなら大歓迎だよ。よろしくね、シェリさん。,train,DECL-d1,4387cb28074df86edb32a0ce50dd897b,wav/01493.wav,DECL,0
01875,H:\git\Ryza_voice\wav\01875.wav,ryza,5.805,あのサイレント 私たちこっちでまた冒険してるんだよ,train,DECL-d1,6f4bc20c7c198cec07294c09b62ec94e,wav/01875.wav,DECL,0
07558,H:\git\Ryza_voice\wav\07558.wav,ryza,9.826,あたしがフィーを元気にしなきゃいけないのに元気づけられちゃったよこれじゃ逆だね,train,DECL-d2,81d3fdd4402170d610071433c374e28d,wav/07558.wav,DECL,0
09044,H:\git\Ryza_voice\wav\09044.wav,ryza,10.287,これって、錬金術で使う道具かな。似てるけど微妙に違うし……うーん。,train,DECL-d2,c96c299e3f8624d59b3e10c72d238aa3,wav/09044.wav,DECL,0
07143,H:\git\Ryza_voice\wav\07143.wav,ryza,7.260,とにかく、今は先に進もう。遺跡の中心はきっとこの先にあるから。,train,DECL-d1,7387424e30376385a140e3eb409dfeb0,wav/07143.wav,DECL,0
05798,H:\git\Ryza_voice\wav\05798.wav,ryza,6.536,それでも、クラウディアが私の大親友であることは、何も変わらない。,train,DECL-d1,6609afbd92493b392878d4c799d88732,wav/05798.wav,DECL,0
08079,H:\git\Ryza_voice\wav\08079.wav,ryza,5.466,大丈夫。心配いらないよ。あたしたちならなんとかなる。,train,DECL-d0,c4ce46b2666de56796613a86ef7e83f3,wav/08079.wav,DECL,0
04826,H:\git\Ryza_voice\wav\04826.wav,ryza,7.789,あれ?もしかして、あたしを乗せてくれるの?,train,Q-d2,f3f562779e36cd34dfce4e2cd9cc6447,wav/04826.wav,Q,0
03738,H:\git\Ryza_voice\wav\03738.wav,ryza,5.697,ああ、取っておいても仕方ないと思って捨てちゃった。,train,DECL-d1,56a9662c6a37c9e6d88ab10a5ed44c20,wav/03738.wav,DECL,0
01625,H:\git\Ryza_voice\wav\01625.wav,ryza,5.728,もしかしてレントがこの前言ってたのってこのことだったの?,train,Q-d1,5664afd93857f8d3712cb0dafec47465,wav/01625.wav,Q,0
06723,H:\git\Ryza_voice\wav\06723.wav,ryza,4.667,そうですね。それじゃ、島で待ってます!,test,EXCL-d0,bd3606d0decbac1f9492c42a5e140e37,wav/06723.wav,EXCL,1
01744,H:\git\Ryza_voice\wav\01744.wav,ryza,4.516,本当に元気になったんだね、レンと。,train,DECL-d0,1db2cce313b0ee7094608e9ea7459cc1,wav/01744.wav,DECL,0
01836,H:\git\Ryza_voice\wav\01836.wav,ryza,10.178,表記、永遠不滅、不老、血と感情が通わない……フフッ、嫌な想像しちゃった……,train,ELL-d2,9e8ebfc113c4c7ca4df9149d495db3ee,wav/01836.wav,ELL,0
08780,H:\git\Ryza_voice\wav\08780.wav,ryza,4.462,この子が?でも、確かに……,train,ELL-d0,8690b5eb882662e4b38fb29b648bd5f8,wav/08780.wav,ELL,0
04063,H:\git\Ryza_voice\wav\04063.wav,ryza,6.003,決めた。ここにある素材を使って、手の傷に効く薬を作ろう!,train,EXCL-d1,37371e33a1e93685abc2819382a423fc,wav/04063.wav,EXCL,0
08970,H:\git\Ryza_voice\wav\08970.wav,ryza,6.791,錆だらけ 少し磨けば綺麗になるかな,train,DECL-d1,5e7b55713687bcf44faa82249ed09298,wav/08970.wav,DECL,0
07055,H:\git\Ryza_voice\wav\07055.wav,ryza,9.187,錬金術師をするのは認めるけど、それはそれ、これはこれ、家のことは手伝って当然、ってね。,train,DECL-d2,c9d8ffe26c0284dc5458b5915308674d,wav/07055.wav,DECL,0
03258,H:\git\Ryza_voice\wav\03258.wav,ryza,3.664,この二人は特にね,train,DECL-d0,bc7b2d2008fb8bc86b5f671d6991c6df,wav/03258.wav,DECL,0
00305,H:\git\Ryza_voice\wav\00305.wav,ryza,6.939,鉱石詰め放題って、これ、ほとんど石のような……,train,ELL-d1,402083e78a8447039408ba27d94c480f,wav/00305.wav,ELL,0
02595,H:\git\Ryza_voice\wav\02595.wav,ryza,5.723,クリフォードさん?どうしたの?そんな静かに入ってきて。,train,DECL-d1,ea3e5adde58874088d2e0aa54d796bf9,wav/02595.wav,DECL,0
00638,H:\git\Ryza_voice\wav\00638.wav,ryza,8.754,作るのに比べれば、なくすことって簡単なんだよ。それって錬金術だけじゃないと思うよ。,test,DECL-d2,d8ca7f4a24e437b493f7eaf7f03fb11d,wav/00638.wav,DECL,1
00077,H:\git\Ryza_voice\wav\00077.wav,ryza,4.063,やっぱり、同じものだったみたい。,train,DECL-d0,03f447816fc99dfbba6f97b61ff17285,wav/00077.wav,DECL,0
00772,H:\git\Ryza_voice\wav\00772.wav,ryza,4.710,へー、レンとも心配してくれたんだ。,train,DECL-d0,c35ece42c3e60eb288c8a15f4dc2f4a4,wav/00772.wav,DECL,0
05084,H:\git\Ryza_voice\wav\05084.wav,ryza,3.879,油断しちゃって,train,DECL-d0,9bdb771a7766edf3a81c7faaed7583d1,wav/05084.wav,DECL,0
07935,H:\git\Ryza_voice\wav\07935.wav,ryza,2.412,本気なの?それ。,train,DECL-d0,eaa7a34221d087883978cce6705930af,wav/07935.wav,DECL,0
08365,H:\git\Ryza_voice\wav\08365.wav,ryza,8.461,遺跡はもう一つ残ってるはずだもの。そこにも、きっとこの水晶がある。フィーを助ける手がかりだって。,train,DECL-d2,bce5f4dba2661fc9e1e0283f92dd4316,wav/08365.wav,DECL,0
06449,H:\git\Ryza_voice\wav\06449.wav,ryza,4.834,怒ってはいないよ。気持ちはわからなくもないしさ。,train,DECL-d0,d14f0edd904a5bd933bea5b756ba1f68,wav/06449.wav,DECL,0
07139,H:\git\Ryza_voice\wav\07139.wav,ryza,8.881,あれは… 神木?当時の人にとっても特別なものだったんだ,train,DECL-d2,646bb015176ddd73b49106f7860abb4b,wav/07139.wav,DECL,0
05846,H:\git\Ryza_voice\wav\05846.wav,ryza,6.082,嘆いてても仕方ないわ! まずはあいつらを撃退しなくちゃ!,train,EXCL-d1,8c9dcccd825aed75cedb9c93b4ebc303,wav/05846.wav,EXCL,0
09033,H:\git\Ryza_voice\wav\09033.wav,ryza,6.156,まずはジェムを用意しないとね いくつか持ってきてたような,train,DECL-d1,9fe9ebed0d7421ed30f0c9a1907c8179,wav/09033.wav,DECL,0
01297,H:\git\Ryza_voice\wav\01297.wav,ryza,3.363,セリさんが探してるものって?,test,Q-d0,71fbfe981fc6e8b1b9caca741551a8b4,wav/01297.wav,Q,0
04423,H:\git\Ryza_voice\wav\04423.wav,ryza,9.724,あはは、なんかそこまで言われるとすごい照れるけど…。ありがとね。,train,DECL-d2,978a8e0e2495c3e422b70afd455dc3ef,wav/04423.wav,DECL,0
08255,H:\git\Ryza_voice\wav\08255.wav,ryza,6.038,さてと、品質が高いものを用意して欲しいって言ってたよね。,train,DECL-d1,71684bb0926d1c8f815b190d2dcde287,wav/08255.wav,DECL,0
08683,H:\git\Ryza_voice\wav\08683.wav,ryza,7.878,それにしても、ここ、さっきまでと同じ遺跡の中?どの辺なんだろう。,train,DECL-d2,0d8497d31a74c255c45032f2f8a8cd39,wav/08683.wav,DECL,0
02175,H:\git\Ryza_voice\wav\02175.wav,ryza,7.797,異界に住む恐ろしい魔物だよ。異界を破壊してクリント王国を滅ぼしたの。,train,DECL-d2,476a5b8f6544e7a1fdbaa7817a070c40,wav/02175.wav,DECL,0
03116,H:\git\Ryza_voice\wav\03116.wav,ryza,6.281,さっきはよくもやってくれたわね 今度は負けないんだから,train,DECL-d1,5af53cee2d645b567dc917a0a3c43bc5,wav/03116.wav,DECL,0
06936,H:\git\Ryza_voice\wav\06936.wav,ryza,3.966,本当に問題ないか、確認しないと!,train,EXCL-d0,37fe72ce65198baa16e63ec3f09acd02,wav/06936.wav,EXCL,0
07531,H:\git\Ryza_voice\wav\07531.wav,ryza,4.975,でも、そういうのもそんなに悪いものじゃないと思ったよ。,train,DECL-d0,2f4aa8e1006d4585167c5a0841ece78a,wav/07531.wav,DECL,0
07705,H:\git\Ryza_voice\wav\07705.wav,ryza,8.911,とにかく、今はタオとボオスを信じて待つしかないよね。それまで、私は私でできることをしよう。,train,DECL-d2,e752fdf2d23cd62314a2d6f3fbebbcc7,wav/07705.wav,DECL,0
00991,H:\git\Ryza_voice\wav\00991.wav,ryza,7.507,な、なによそれ。いつもは絶対そんなこと言わないくせに。,test,DECL-d2,30c2f4ee1d8612d60a6119494b6ecc0e,wav/00991.wav,DECL,0
01555,H:\git\Ryza_voice\wav\01555.wav,ryza,4.267,それは酷いなぁ,train,DECL-d0,989ed13970ddb0030babda34b35332cb,wav/01555.wav,DECL,0
09112,H:\git\Ryza_voice\wav\09112.wav,ryza,8.259,完全に舐めてたなぁ やっぱり王都っていうだけのことはあったわー,train,DECL-d2,861f994717ace0712f92e9c6fa132eeb,wav/09112.wav,DECL,0
01979,H:\git\Ryza_voice\wav\01979.wav,ryza,3.514,それが、元に戻るだけだよ。,train,DECL-d0,5c864821ccbc8c3bf7a04bce89465735,wav/01979.wav,DECL,0
04719,H:\git\Ryza_voice\wav\04719.wav,ryza,5.223,クリフォードさんもね。いいお宝、見つかるといいね。,train,DECL-d0,f3d3265e8a8224187fc910094d30c1de,wav/04719.wav,DECL,0
08419,H:\git\Ryza_voice\wav\08419.wav,ryza,5.426,伝承、よくわかったね。ありがとう。,train,DECL-d0,bd6feb48c10f0354e0f5f5d2f5595119,wav/08419.wav,DECL,0
04417,H:\git\Ryza_voice\wav\04417.wav,ryza,4.897,そっか、デニスさんって彫金師でもあるんだっけ。,train,DECL-d0,9d4abff826b02a2770a111d9f6336ebf,wav/04417.wav,DECL,0
04815,H:\git\Ryza_voice\wav\04815.wav,ryza,5.290,えっと、確かこの辺りに入れておいたような。,train,DECL-d0,9db763a87b09f7579fdd2695ae358526,wav/04815.wav,DECL,0
00983,H:\git\Ryza_voice\wav\00983.wav,ryza,4.110,え?魔石って溶けるんだ,train,DECL-d0,aaf9df41491e57857d48d73d10507e13,wav/00983.wav,DECL,0
02932,H:\git\Ryza_voice\wav\02932.wav,ryza,6.585,毎月? ひょっとして1ヶ月で3500コール?,train,Q-d2,3c669d8de0efb4027a84557a918c40fd,wav/02932.wav,Q,0
04270,H:\git\Ryza_voice\wav\04270.wav,ryza,3.775,ありがとう。カサンドラさんもね。,train,DECL-d0,cc05bde7441b0dfb66941d85949b1b7e,wav/04270.wav,DECL,0
01649,H:\git\Ryza_voice\wav\01649.wav,ryza,5.131,あ、うん。目的も果たせたような気がするし。,train,DECL-d0,b48285edf6f8487afd3845a98cda50e5,wav/01649.wav,DECL,0
07280,H:\git\Ryza_voice\wav\07280.wav,ryza,7.712,そうしたいんだけど、今、ちょっとお財布が寂しくて……,train,ELL-d1,0ae14e323142fecab7677f87ff447571,wav/07280.wav,ELL,0
06792,H:\git\Ryza_voice\wav\06792.wav,ryza,3.698,でも、ちょっとびっくりだよね。,train,DECL-d0,47e792f37a93e88a5641a1e115a1bcd7,wav/06792.wav,DECL,0
05736,H:\git\Ryza_voice\wav\05736.wav,ryza,7.343,確かに。まあ、とにかく進めるようになったんだし、先に進んでみよう。,train,DECL-d1,2093abd947da1ae667b4693ccfecbae4,wav/05736.wav,DECL,0
04332,H:\git\Ryza_voice\wav\04332.wav,ryza,7.455,誰も経験したことのないような、誰も知らない、あたしたちだけの大冒険を。,train,DECL-d2,cf6c1d0e55f8ba323af06a8ab2d50f25,wav/04332.wav,DECL,0
05847,H:\git\Ryza_voice\wav\05847.wav,ryza,6.558,でも、これでパティが勇気を出せるなら、早速は持ってってあげよう。,train,DECL-d1,9cd27f14ded99c76a288052a4d195f16,wav/05847.wav,DECL,0
05029,H:\git\Ryza_voice\wav\05029.wav,ryza,8.103,カサンドラさんの行動力、尊敬するわ。それじゃ、いただきまーす。,train,DECL-d2,804a43c4693b4f7b15a019562ebfb4e7,wav/05029.wav,DECL,0
02870,H:\git\Ryza_voice\wav\02870.wav,ryza,6.304,そっか それ聞けて少し安心したかも,train,DECL-d1,5df2f43c178d9d2dc6c52e4475096e3e,wav/02870.wav,DECL,0
07764,H:\git\Ryza_voice\wav\07764.wav,ryza,4.763,けど、忙しいって言うなら仕方ないか。,train,DECL-d0,2f81e5f3d735be925ceffb060275ef22,wav/07764.wav,DECL,0
02561,H:\git\Ryza_voice\wav\02561.wav,ryza,5.898,行き過ぎれば、遠洋は諸刃の剣ってことかな。,train,DECL-d1,3c6285c51050beb92965a2e3fa971856,wav/02561.wav,DECL,0
09314,H:\git\Ryza_voice\wav\09314.wav,ryza,7.208,折れてるけど、強い魔力を感じる。特別な魔石で作られたみたい。,train,DECL-d1,708b62e0ed112f9683d0cf89c02290be,wav/09314.wav,DECL,0
07449,H:\git\Ryza_voice\wav\07449.wav,ryza,4.399,みんなの気持ちに応えるためにも、頑張らないとね。,train,DECL-d0,eb6571e8cc059086e9567a437f34eaf2,wav/07449.wav,DECL,0
04607,H:\git\Ryza_voice\wav\04607.wav,ryza,7.554,龍の鱗……ううん、ちょっと違う。何の鱗だろう……,train,ELL-d1,063861df97db25544c3aed8614bfb62d,wav/04607.wav,ELL,0
07646,H:\git\Ryza_voice\wav\07646.wav,ryza,8.641,フィー、今日は特に元気ないのかも。いつもは誰か来るとすぐに気づいて起き上がるのに……,train,ELL-d2,f33c05863724f3669a605c84edf052d8,wav/07646.wav,ELL,0
08318,H:\git\Ryza_voice\wav\08318.wav,ryza,5.912,けど慎重に行動した方がいいのは間違いなさそうね,train,DECL-d1,5e03783585ba7aa265ad07cf078c0f05,wav/08318.wav,DECL,0
05624,H:\git\Ryza_voice\wav\05624.wav,ryza,5.341,ごめん、私には全然わかんない。,train,DECL-d0,a98edc52b5e47997db44bece6122b791,wav/05624.wav,DECL,0
03739,H:\git\Ryza_voice\wav\03739.wav,ryza,9.464,さてと、どんな土地で……ふんふん、なるほど、こんな感じかな。,test,DECL-d2,319055133f9eed0615c3a5a9b930f506,wav/03739.wav,DECL,0
00074,H:\git\Ryza_voice\wav\00074.wav,ryza,5.805,この子はフィだよ。何の生き物かは、知らない。,train,DECL-d1,e474c19a7995c97d2e10f39881b33beb,wav/00074.wav,DECL,0
06030,H:\git\Ryza_voice\wav\06030.wav,ryza,5.214,ふん、どうせ浮かれやがってとか思って呆れてるんでしょ。,test,DECL-d0,b0ed24cffad4c12a683fbbc455b5f4c3,wav/06030.wav,DECL,1
04614,H:\git\Ryza_voice\wav\04614.wav,ryza,4.886,見てみないと始まらないよ。とにかく出発よ!,train,EXCL-d0,2fbc3ba8a90639b93e30a6eb3f6cf3cc,wav/04614.wav,EXCL,0
07173,H:\git\Ryza_voice\wav\07173.wav,ryza,6.413,え?パーティーだってすごいよ。貴族だし、いろいろできるし。,train,DECL-d1,860a18e5d842a58c424c5198fec63495,wav/07173.wav,DECL,0
07918,H:\git\Ryza_voice\wav\07918.wav,ryza,6.256,ううん。お世話になったゼフィーヌさんには挨拶しとこうと思って。,train,DECL-d1,79287f4f798138107f2d1063083e310f,wav/07918.wav,DECL,0
06232,H:\git\Ryza_voice\wav\06232.wav,ryza,6.328,あ、あの、えーと、私、何かやっちゃいましたか?,train,Q-d2,7a184e5c05fca106fb8ef17683bbf29e,wav/06232.wav,Q,0
07227,H:\git\Ryza_voice\wav\07227.wav,ryza,9.568,現に、義務もあったし、プライドも……ほんのちょっとは持ってた私でも、ずっとサボりまくりだったし……,train,ELL-d2,252ac68c16df0029b693b1f6256a5c67,wav/07227.wav,ELL,0
09424,H:\git\Ryza_voice\wav\09424.wav,ryza,5.756,あれって洞窟?他に道もないし、行ってみよう!,train,EXCL-d1,c678720d96d6a2d86acb0cc51798c866,wav/09424.wav,EXCL,0
02238,H:\git\Ryza_voice\wav\02238.wav,ryza,7.761,意外と近くで見つかるかもしれないよ なんだって見つけるのも冒険だからね,train,DECL-d2,b2a11eb8ee6d5eaad485abf925ad57b2,wav/02238.wav,DECL,0
07994,H:\git\Ryza_voice\wav\07994.wav,ryza,8.897,うん、いや、ちょっと、ちょっとだけね、その、高いかなーなんて。,train,DECL-d2,e943a210c957126cf657639fea42238d,wav/07994.wav,DECL,0
07303,H:\git\Ryza_voice\wav\07303.wav,ryza,5.650,魔力が溢れる大気?まさか、公式ヒグ?,train,Q-d1,80c38606fb78837a10acbeaf96db922e,wav/07303.wav,Q,0
08385,H:\git\Ryza_voice\wav\08385.wav,ryza,5.044,あれってレントと…リラさん?,train,Q-d1,da61a20eea4c8ed990c889667e8efabc,wav/08385.wav,Q,0
07651,H:\git\Ryza_voice\wav\07651.wav,ryza,4.860,手伝い、昔からサボって遊んでたから……フフッ。,train,DECL-d0,6acb1e91a65e12ef3b94708c953351fc,wav/07651.wav,DECL,0
03260,H:\git\Ryza_voice\wav\03260.wav,ryza,5.711,これって、死は常に側にあるって意味かな?,test,Q-d1,d175623698428597423f8281a637a52c,wav/03260.wav,Q,1
05439,H:\git\Ryza_voice\wav\05439.wav,ryza,4.763,えっと、もしかして剣の稽古のこと?,train,Q-d0,596dcff863cea2b2f599a9330ab65429,wav/05439.wav,Q,0
00044,H:\git\Ryza_voice\wav\00044.wav,ryza,4.722,もしかして、戻りたいって言ってるのかな。,train,DECL-d0,1a532da18e1099aea4853623ee451b4e,wav/00044.wav,DECL,0
05781,H:\git\Ryza_voice\wav\05781.wav,ryza,5.760,ま、いいか。せっかく来たんだし、また面倒見てあげるよ。,test,DECL-d1,ce24f52a936b2656d75d17c39d27a463,wav/05781.wav,DECL,1
06261,H:\git\Ryza_voice\wav\06261.wav,ryza,7.492,まあ、なんとかなるか。よし、改めて、行くぞー!,train,EXCL-d2,87cd75dda8d68a82b94bfe9eb280d774,wav/06261.wav,EXCL,0
02119,H:\git\Ryza_voice\wav\02119.wav,ryza,4.123,あの部屋の家賃ってどれくらいするの?,test,Q-d0,ec4280c47e8294b928858d9924ff7373,wav/02119.wav,Q,1
04040,H:\git\Ryza_voice\wav\04040.wav,ryza,5.252,……はい。二人とも、本当にありがとう!,train,EXCL-d1,679a8f0dade6315d2b53ede0cba3847b,wav/04040.wav,EXCL,0
07156,H:\git\Ryza_voice\wav\07156.wav,ryza,5.733,まるで、私たちがボスを傷つけてるみたいじゃない。,train,DECL-d1,66e273d13f80930f8cd7f7f35d15ce27,wav/07156.wav,DECL,0
08563,H:\git\Ryza_voice\wav\08563.wav,ryza,5.894,こんなところにいた。フフ、遊び疲れたのかな。,train,DECL-d1,d975c42b8916028abc8f8f5a1e1b0fce,wav/08563.wav,DECL,0
02903,H:\git\Ryza_voice\wav\02903.wav,ryza,7.005,だね。でも、そっか。浄化できる花が見つかったんだ。,train,DECL-d1,7e80dd3b0af67af6b4c86710e71c5d90,wav/02903.wav,DECL,0
04229,H:\git\Ryza_voice\wav\04229.wav,ryza,4.118,やっぱり、ちょっと頑張りすぎじゃない?,train,Q-d0,bf757f54a317f5ed03a1f8715eae295c,wav/04229.wav,Q,0
08340,H:\git\Ryza_voice\wav\08340.wav,ryza,3.907,ち、違うよ。そうじゃなくって。,train,DECL-d0,093f3f5bcc608851f653a6f98d006928,wav/08340.wav,DECL,0
07387,H:\git\Ryza_voice\wav\07387.wav,ryza,5.200,そして、それが分かればフィーを助けられるってことだね。,train,DECL-d0,f36c7bbec538af3c3f2982bcf49a3423,wav/07387.wav,DECL,0
01550,H:\git\Ryza_voice\wav\01550.wav,ryza,8.638,そうだけど、小さい子たち相手のね。だから、パティは普通にライザって呼んでくれれば。,train,DECL-d2,17798a366c7aa15a4e8db7796f2b88cd,wav/01550.wav,DECL,0
02462,H:\git\Ryza_voice\wav\02462.wav,ryza,4.171,ありがとう、フィ。無理させちゃってごめんね。,train,DECL-d0,bc0ceaa43890ff5f47efa34179b451f3,wav/02462.wav,DECL,0
07189,H:\git\Ryza_voice\wav\07189.wav,ryza,6.645,私は今でも時々思い出す。あの時の仲間たちと過ごした日々。,train,DECL-d1,b9e71b92121ff43d760f2367e21baccf,wav/07189.wav,DECL,0
09423,H:\git\Ryza_voice\wav\09423.wav,ryza,3.010,デニスさんにはお世話になったし。,train,DECL-d0,8169465cc2cf80ed129895f2bdf6452a,wav/09423.wav,DECL,0
03174,H:\git\Ryza_voice\wav\03174.wav,ryza,3.775,ここから先、真っ暗だね。,train,DECL-d0,d529ed192ba702359226db1c8cffaab3,wav/03174.wav,DECL,0
05329,H:\git\Ryza_voice\wav\05329.wav,ryza,6.891,ずっと村から出ないで生きてきたから、一人で大丈夫なのか怖くってね。,train,DECL-d1,f0988049533e9405f714d30b415a43a4,wav/05329.wav,DECL,0
00211,H:\git\Ryza_voice\wav\00211.wav,ryza,3.271,材料が足りないかー,test,DECL-d0,13581d6b4cf3bbc7090fa6ec77f25d80,wav/00211.wav,DECL,0
02028,H:\git\Ryza_voice\wav\02028.wav,ryza,4.800,そんなのってもったいないし……悲しい……,train,ELL-d0,66328a398e15c179280e1e3b8497ef64,wav/02028.wav,ELL,0
08234,H:\git\Ryza_voice\wav\08234.wav,ryza,8.158,久しぶりの戦い。しかも私一人だけ。でも、なんとかなる!,train,EXCL-d2,c2a516078a157b5a3742a3d22fa63160,wav/08234.wav,EXCL,0
04268,H:\git\Ryza_voice\wav\04268.wav,ryza,7.800,ううん、とっても嬉しいよ。パティの本当の気持ち、直接聞けてね。,train,DECL-d2,5927b13b660a592d0d3e8fb46cd9e1b0,wav/04268.wav,DECL,0
07465,H:\git\Ryza_voice\wav\07465.wav,ryza,7.565,んー。あ、それ、作品の考案図?ちょっと見てみていい?,train,Q-d2,1945448fedef82a5fc1fb97e41a43594,wav/07465.wav,Q,0
04910,H:\git\Ryza_voice\wav\04910.wav,ryza,3.580,うん! 体力もバッチリだよ!,train,EXCL-d0,c8cc40fa10374bec4bd54f547bf35756,wav/04910.wav,EXCL,0
05400,H:\git\Ryza_voice\wav\05400.wav,ryza,4.630,ありがとう、フィー。でも、もう大丈夫だよ。,train,DECL-d0,3270aa1fa26d14922cb15ff70751ab56,wav/05400.wav,DECL,0
02520,H:\git\Ryza_voice\wav\02520.wav,ryza,8.170,まずい、これは迷子になりそう。てか、あたしもう迷子なんじゃ。,train,DECL-d2,23d60c7026f170e188ebad0a18dcbd6d,wav/02520.wav,DECL,0
05954,H:\git\Ryza_voice\wav\05954.wav,ryza,4.179,ねえ、セリさん。探してる種は見つかったの?,train,Q-d0,a5d58c978cc13ea67579cf8950e139e8,wav/05954.wav,Q,0
01742,H:\git\Ryza_voice\wav\01742.wav,ryza,4.056,そっか。それならできるかも。,train,DECL-d0,c4a62965f0bf800507c02c1c065357d4,wav/01742.wav,DECL,0
00737,H:\git\Ryza_voice\wav\00737.wav,ryza,3.207,残念だったね、デニスさん。,train,DECL-d0,f43280734e792d570acf573c3d572cb2,wav/00737.wav,DECL,0
00818,H:\git\Ryza_voice\wav\00818.wav,ryza,7.415,ねえ、あの水晶の光、もしかしてフィーを元気にするのかな?,train,Q-d2,2515a7c62ffb758fca77af5b57725dda,wav/00818.wav,Q,0
03353,H:\git\Ryza_voice\wav\03353.wav,ryza,6.704,で、のんびりしてられないか。早くクラウディアのところに持ってってあげないとね。,train,DECL-d1,8be3ccdf7809c31845d6df91672b3520,wav/03353.wav,DECL,0
04785,H:\git\Ryza_voice\wav\04785.wav,ryza,5.077,露天かー。ね、私も一緒に行っていい?,train,Q-d1,7521972aacf20d979686413a3a5a8e70,wav/04785.wav,Q,0
07730,H:\git\Ryza_voice\wav\07730.wav,ryza,6.319,この壁画もなんとなく気になるんだよね,train,DECL-d1,7642b5afe7d9b91769953b79cc89d15f,wav/07730.wav,DECL,0
08561,H:\git\Ryza_voice\wav\08561.wav,ryza,7.829,でも、今はそれしか頼れるものがないんだ。とにかく、まずは巨竜の血を用意しなくちゃ。,train,DECL-d2,b4612e17398ff3006f7051d6ee27e214,wav/08561.wav,DECL,0
03527,H:\git\Ryza_voice\wav\03527.wav,ryza,8.089,うん、あとは最終確認をしてっと…。よーし。,train,DECL-d2,47ccd5add5326f11056d037949ec872d,wav/03527.wav,DECL,0
00801,H:\git\Ryza_voice\wav\00801.wav,ryza,6.757,たぶん、クラウディアがとっても優しい人ってこと。フィーにはわかるからじゃないかな。,train,DECL-d1,21ed310268fa98aaec6cf6f806b6e5b8,wav/00801.wav,DECL,0
05851,H:\git\Ryza_voice\wav\05851.wav,ryza,5.893,やっぱり、ヒロさんに会いに行きたいから、剣の稽古してるのかな?,train,Q-d1,8bcfa146bdcc2eabac351a367e2398e6,wav/05851.wav,Q,0
05670,H:\git\Ryza_voice\wav\05670.wav,ryza,6.343,そっか、それじゃあ、ありがたくいただきます。,train,DECL-d1,8d7f0e9b00e1572a9aa66f24bb9a2c72,wav/05670.wav,DECL,0
04802,H:\git\Ryza_voice\wav\04802.wav,ryza,3.208,それじゃあ、かけてみるね。,train,DECL-d0,724526e1250a4e78ccd4702c926640d7,wav/04802.wav,DECL,0
02593,H:\git\Ryza_voice\wav\02593.wav,ryza,3.710,何か、暗闇対策を考えなくちゃ。,train,DECL-d0,e90afa8ed5221444980860bc41a5ee57,wav/02593.wav,DECL,0
04517,H:\git\Ryza_voice\wav\04517.wav,ryza,5.884,初出場なのに優勝する気満々なんだね,train,DECL-d1,78b822aaa00b0f56ab2534701247030a,wav/04517.wav,DECL,0
09203,H:\git\Ryza_voice\wav\09203.wav,ryza,5.806,魔力の革か…どんな風に見えるんだろう?,train,Q-d1,56cc62ad881e7ce41fa4b5c72d7179c2,wav/09203.wav,Q,0
04286,H:\git\Ryza_voice\wav\04286.wav,ryza,5.249,寝ちゃったのかな。それじゃあ、今のうちに……,train,ELL-d0,aa74b0f7396119639e217ef886bf8416,wav/04286.wav,ELL,0
03554,H:\git\Ryza_voice\wav\03554.wav,ryza,2.556,それならよかったよ,train,DECL-d0,bccf907177929d066c7cf883d58e0cbf,wav/03554.wav,DECL,0
05007,H:\git\Ryza_voice\wav\05007.wav,ryza,5.306,きっとね。私たち、ずっと親友だから。,train,DECL-d0,429c264006f3327bde0ea76994bf51fe,wav/05007.wav,DECL,0
09330,H:\git\Ryza_voice\wav\09330.wav,ryza,6.694,お願い、この森のことを教えて。フィーを助けるために。,train,DECL-d1,e3ff784e9daf401d81d2412a94f1daeb,wav/09330.wav,DECL,0
06491,H:\git\Ryza_voice\wav\06491.wav,ryza,4.717,ありがとう、セリさん。そうならないように気をつけるよ。,train,DECL-d0,22e5aaf637a5ad79d3e8f555d1a63665,wav/06491.wav,DECL,0
02268,H:\git\Ryza_voice\wav\02268.wav,ryza,6.160,な、何よ突然。それ、褒めてるよね。,train,DECL-d1,2f120d55a63a47b4f807e115e64e6d00,wav/02268.wav,DECL,0
07855,H:\git\Ryza_voice\wav\07855.wav,ryza,10.658,これ、他の残されてた信念と違うみたい。この遺跡のことが、いろいろ流れ込んでくる。,train,DECL-d2,d36c6ababd75f2217357c96315055ebd,wav/07855.wav,DECL,0
03906,H:\git\Ryza_voice\wav\03906.wav,ryza,5.884,もしかして、これって庭園にあったつぼみのことじゃない?,train,Q-d1,793d6fede3f134f63a03a96a791d724d,wav/03906.wav,Q,0
05690,H:\git\Ryza_voice\wav\05690.wav,ryza,6.579,しっかりしてて握りやすい 魔女のことが好きだったんだろうなぁ,train,DECL-d1,0e18f37a4e380839834c47b063a409f5,wav/05690.wav,DECL,0
04800,H:\git\Ryza_voice\wav\04800.wav,ryza,8.771,この手紙が届いたとき、嬉しくって叫んじゃった。やったー!クラウディアからの手紙だー!って。,train,DECL-d2,b96a922787b26b971ceccf3a244047ec,wav/04800.wav,DECL,0
03964,H:\git\Ryza_voice\wav\03964.wav,ryza,8.330,相変わらず芝居がかった話し方なんだから…… でも、ちょっと嬉しかったな。,train,DECL-d2,89607baf800141489034f74c42675ea6,wav/03964.wav,DECL,0
09389,H:\git\Ryza_voice\wav\09389.wav,ryza,7.873,始まりも終わりも、何も知ることなく、みんな、毎日変わらず暮らしている。,train,DECL-d2,c829db3c830be484222ad8573c0a060e,wav/09389.wav,DECL,0
07554,H:\git\Ryza_voice\wav\07554.wav,ryza,4.978,勝てた。確かに集まってると手強いね。,train,DECL-d0,c3c8c3eced9f00becd0c315853a1d609,wav/07554.wav,DECL,0
00307,H:\git\Ryza_voice\wav\00307.wav,ryza,8.775,そ、それは……王都に限らないかも。あたしもそうで、今は錬金術師やってるし……,train,ELL-d2,19bab2e668f0bb712b967161d91b6321,wav/00307.wav,ELL,0
02688,H:\git\Ryza_voice\wav\02688.wav,ryza,7.894,まずいこと言っちゃったかななんか空気を変える話題にしないと,train,DECL-d2,99c394b5b07b066cc5c7324722bfc8a7,wav/02688.wav,DECL,0
07385,H:\git\Ryza_voice\wav\07385.wav,ryza,7.456,ううん、こちらこそありがとう。それに、クラウディアのお手伝いができて嬉しかったよ。,train,DECL-d2,1e06a938ef92b654fc5b63a91c6cc7f1,wav/07385.wav,DECL,0
03212,H:\git\Ryza_voice\wav\03212.wav,ryza,3.093,ちゃんと変わってくれるかなぁ,train,DECL-d0,94e924773fbe85997282c431a03ae082,wav/03212.wav,DECL,0
05567,H:\git\Ryza_voice\wav\05567.wav,ryza,10.050,この道具も謎……ん?これ、また少し動いてる気が……,train,ELL-d2,92a8d9bf81623544340ef880644f70e0,wav/05567.wav,ELL,0
01226,H:\git\Ryza_voice\wav\01226.wav,ryza,6.125,セリさん、ごめん、話聞いちゃった。,train,DECL-d1,d831895a020bc45f9a95a54f05b393cf,wav/01226.wav,DECL,0
08149,H:\git\Ryza_voice\wav\08149.wav,ryza,8.649,すごく小さいのがこんなにたくさん……これ、作るの大変そう……,test,ELL-d2,875ef824ca34a1c5fb93192d7c521c01,wav/08149.wav,ELL,0
01666,H:\git\Ryza_voice\wav\01666.wav,ryza,9.570,けど、冒険の中で再会するなんて、なんか私たちらしい感じもする、かも。,train,DECL-d2,17361fdcd46ea1737960feaacec8c6e5,wav/01666.wav,DECL,0
03085,H:\git\Ryza_voice\wav\03085.wav,ryza,3.676,びっくりしちゃったよね,train,DECL-d0,ba592e8f61403f4759c0920a0b1fe4d1,wav/03085.wav,DECL,0
07585,H:\git\Ryza_voice\wav\07585.wav,ryza,4.479,フィー、ありがとね。パティを助けてくれて。,train,DECL-d0,8a2ede83190eb442e19e5d4b254442ec,wav/07585.wav,DECL,0
01436,H:\git\Ryza_voice\wav\01436.wav,ryza,7.574,もっと力が欲しいよ。いろんな錬金術ができる力が。,train,DECL-d2,d5ef10c1c58b6172b128783992b8b103,wav/01436.wav,DECL,0
03705,H:\git\Ryza_voice\wav\03705.wav,ryza,6.557,私、農家は手伝い程度しかやってないから、はっきりとはわかんないんだよね。,train,DECL-d1,a098451e3966abd8720119809ce31a14,wav/03705.wav,DECL,0
07643,H:\git\Ryza_voice\wav\07643.wav,ryza,5.486,それに、みんながいてくれたら、なんとかなる気がするんだ。,train,DECL-d1,06d17e13de86d28bc06a2d6acafb70ca,wav/07643.wav,DECL,0
06980,H:\git\Ryza_voice\wav\06980.wav,ryza,7.606,石の壁は役に立たない……か。それだけ悪魔は強いってことね。,train,DECL-d2,cc36ba90da4ffd6f2d1008d6184c7d46,wav/06980.wav,DECL,0
01210,H:\git\Ryza_voice\wav\01210.wav,ryza,6.514,魔石を近づけると浮く石… どういう仕組みなんだろう…,train,ELL-d1,87611cf738d0f49b4c3023da5b7d56b1,wav/01210.wav,ELL,0
03279,H:\git\Ryza_voice\wav\03279.wav,ryza,2.458,リラさんは知らないの?,train,Q-d0,8a6136ffdf573146c12e2075e8409e94,wav/03279.wav,Q,0
05320,H:\git\Ryza_voice\wav\05320.wav,ryza,5.552,そうね 体勢を整えて次こそ倒すわよ,train,DECL-d1,6c407c02420df12115c054ddb2f1b488,wav/05320.wav,DECL,0
03290,H:\git\Ryza_voice\wav\03290.wav,ryza,7.893,なるほどね。あんまり期待していっても裏切られるだけかもしれないってわけね。,train,DECL-d2,104e479821699f7f0d2e68ab6b87ce30,wav/03290.wav,DECL,0
03588,H:\git\Ryza_voice\wav\03588.wav,ryza,3.912,それって、ちょっと素敵だと思わない?,train,Q-d0,efd39e0f94cfeb7be5ee65846f942506,wav/03588.wav,Q,0
04874,H:\git\Ryza_voice\wav\04874.wav,ryza,3.461,応援してるよ。頑張ってね、パティ。,train,DECL-d0,59cbe3259274df744ebe21accf7a58af,wav/04874.wav,DECL,0
00899,H:\git\Ryza_voice\wav\00899.wav,ryza,5.238,あのアトリエ、ずっと住まわせてくれてありがとね、パティ。,train,DECL-d0,cb8c717f8869a8f60f0fe90d0ecd4024,wav/00899.wav,DECL,0
03478,H:\git\Ryza_voice\wav\03478.wav,ryza,4.091,さてと、どうしよう……,train,ELL-d0,5f549e7b2383e643783ec467ea79ece2,wav/03478.wav,ELL,0
08519,H:\git\Ryza_voice\wav\08519.wav,ryza,4.860,それが、何かのきっかけで帰ってしまった?,train,Q-d1,089034ce59876cc1fc04c1e95981a0ca,wav/08519.wav,Q,0
06784,H:\git\Ryza_voice\wav\06784.wav,ryza,3.094,あれ?もしかして休憩中?,train,Q-d0,0b5330ae5dede5d197170a3bdffe66e1,wav/06784.wav,Q,0
04667,H:\git\Ryza_voice\wav\04667.wav,ryza,7.002,……なんだか、さっきと雰囲気が……うん、それより……,train,ELL-d1,716adf99fbea1e4baf74b7dc4f617862,wav/04667.wav,ELL,0
05433,H:\git\Ryza_voice\wav\05433.wav,ryza,7.873,あんまり力にはなれなかったけど、セリさんと少しは仲良くなれたかな。,train,DECL-d2,6609949e865571918078975a73f76c2e,wav/05433.wav,DECL,0
02065,H:\git\Ryza_voice\wav\02065.wav,ryza,4.935,あ、そうだ。遺跡の奥にある水晶。,train,DECL-d0,08ea1bc95c88b1a89f251f57041f47d1,wav/02065.wav,DECL,0
00517,H:\git\Ryza_voice\wav\00517.wav,ryza,5.007,もちろん。アトリエに戻ればすぐにできるよ。,train,DECL-d0,7c2a3d85acd1aed1cb5530b52dfc61b0,wav/00517.wav,DECL,0
05676,H:\git\Ryza_voice\wav\05676.wav,ryza,5.462,扉、閉じちゃってるね。どうやって開けるんだろう。,train,DECL-d0,c9b6397920604ac10339f1fee04e52a3,wav/05676.wav,DECL,0
05485,H:\git\Ryza_voice\wav\05485.wav,ryza,8.665,王都もあちこち見て回ったし……遺跡か……どんなとこだろう……,train,ELL-d2,5d52f490fd7122e80e4b37395419fba5,wav/05485.wav,ELL,0
02240,H:\git\Ryza_voice\wav\02240.wav,ryza,7.775,不吉だなぁ 死者の国とかできれば行きたくないし,train,DECL-d2,10da08afb933c1ba435eb5756db6b12f,wav/02240.wav,DECL,0
04965,H:\git\Ryza_voice\wav\04965.wav,ryza,6.711,そっか、この木が森の霧を晴らすのに必要なんだね,train,DECL-d1,4accba99770c04d8f24eeb7bb190efb5,wav/04965.wav,DECL,0
06824,H:\git\Ryza_voice\wav\06824.wav,ryza,6.924,これって、文字?ううん、絵にも見えるような……,train,ELL-d1,f8354341a32dcf82eee245beac8221a5,wav/06824.wav,ELL,0
08798,H:\git\Ryza_voice\wav\08798.wav,ryza,9.431,うん。頑張って、タオ。タオならきっとできると思う。私、島から応援するね。,train,DECL-d2,3660562cf724714649da5ac072c8c22f,wav/08798.wav,DECL,0
02941,H:\git\Ryza_voice\wav\02941.wav,ryza,7.391,大丈夫、パティはきっと信じてくれる!よーし、レシピを作らなくちゃ!,train,EXCL-d2,7e66da27d92550f5a9de74e13510399b,wav/02941.wav,EXCL,0
08238,H:\git\Ryza_voice\wav\08238.wav,ryza,4.760,さてと、一度今の状況を整理しよう。,train,DECL-d0,d0108833d275da0dfd691cf540377ab6,wav/08238.wav,DECL,0
05008,H:\git\Ryza_voice\wav\05008.wav,ryza,9.843,そして、眩しいくらいに輝いていた、あの奇跡のように貴重で得難い、ひと夏の日々のことを。,train,DECL-d2,ff6dd4f384b736e535ec3e0f85bd68d0,wav/05008.wav,DECL,0
07704,H:\git\Ryza_voice\wav\07704.wav,ryza,5.346,へえ、珍しい。ボオスが褒めてくれるなんて。,train,DECL-d0,eb6a7944428c3848299fd0e8dc42a88b,wav/07704.wav,DECL,0
04828,H:\git\Ryza_voice\wav\04828.wav,ryza,2.518,やっぱり引き返す?,train,Q-d0,88d39c9ab937626ca713d21323756350,wav/04828.wav,Q,0
01738,H:\git\Ryza_voice\wav\01738.wav,ryza,4.617,今見せるよー。ほら、これこれ。,train,DECL-d0,39c732ec669b0a4ee643805581235365,wav/01738.wav,DECL,0
02989,H:\git\Ryza_voice\wav\02989.wav,ryza,7.253,それじゃあ、一度来た道を戻ってみようか。フィー、何か見つけたら教えてね。,train,DECL-d1,a03680723604fe0a6bb22e32987158ab,wav/02989.wav,DECL,0
09553,H:\git\Ryza_voice\wav\09553.wav,ryza,6.756,うん。もし本当にあの時代の遺跡だったら、またフィーにもお手伝いしてもらうよ。,train,DECL-d1,71b2ef6ea8415ac8f1bea045588e98a8,wav/09553.wav,DECL,0
01180,H:\git\Ryza_voice\wav\01180.wav,ryza,4.562,ゼ、ゼフィーヌさん、なんか怖いかも。,train,DECL-d0,b0f057b36f44f8862727cdc14bf108a4,wav/01180.wav,DECL,0
00196,H:\git\Ryza_voice\wav\00196.wav,ryza,4.170,それ、すっごい高いものなんじゃ……,train,ELL-d0,90699c79161c899dafe4c794bcd16573,wav/00196.wav,ELL,0
01548,H:\git\Ryza_voice\wav\01548.wav,ryza,7.951,フィーはもう私の家族だよ 島に帰ってからもずっと一緒にいてくれるよね,train,DECL-d2,f030a028360777bca382d97229907b25,wav/01548.wav,DECL,0
00820,H:\git\Ryza_voice\wav\00820.wav,ryza,7.824,みんな、最初から死ぬ気だったんだ。 こんな戦いがあったなんて。,train,DECL-d2,98d2dc655dc51dcb87481f9515b19e75,wav/00820.wav,DECL,0
01522,H:\git\Ryza_voice\wav\01522.wav,ryza,4.864,時間が解決してくれるといいんだけどな,train,DECL-d0,914dbe449b519acec60e405a2a21472d,wav/01522.wav,DECL,0
06972,H:\git\Ryza_voice\wav\06972.wav,ryza,3.996,なんというか、ホッとするような……,train,ELL-d0,8fa4d1a659030a435fb3d72f2ed21240,wav/06972.wav,ELL,0
04604,H:\git\Ryza_voice\wav\04604.wav,ryza,9.762,よ、喜ぶよりもなんか、安心して力が抜けちゃった。,train,DECL-d2,cbf8141c5b8f6fd3574ddbf1ef9aff70,wav/04604.wav,DECL,0
00125,H:\git\Ryza_voice\wav\00125.wav,ryza,6.110,嬉しいね、フィー。フィーのこと、みんな心配してくれてるんだよ。,train,DECL-d1,92772eee0d77d9350cf7875a8eae3eb6,wav/00125.wav,DECL,0
09562,H:\git\Ryza_voice\wav\09562.wav,ryza,6.010,うん。いつ来てもいいように綺麗にしておくから。,test,DECL-d1,31ef1f216307016361d8b0fc25bf170b,wav/09562.wav,DECL,0
08712,H:\git\Ryza_voice\wav\08712.wav,ryza,5.060,強い…こんなのがいるなんて…,train,ELL-d0,4ffd25c96d970a85dd48e7ac20e83e9f,wav/08712.wav,ELL,0
04486,H:\git\Ryza_voice\wav\04486.wav,ryza,3.268,やっぱり行こう、行くしかない!,train,EXCL-d0,1c3702ef8b5b570e0f1d460d4523d7f9,wav/04486.wav,EXCL,0
08353,H:\git\Ryza_voice\wav\08353.wav,ryza,5.718,ごめんごめん。それじゃ、行けるときになったら声かけるよ。,test,DECL-d1,ebcb4393e35197797616c087b16c4067,wav/08353.wav,DECL,0
07501,H:\git\Ryza_voice\wav\07501.wav,ryza,7.045,セフィーヌさんがそんな悩みを持ってたなんて ちょっと意外かも,train,DECL-d1,8ceaba9f86dac695bb70eba30da157d7,wav/07501.wav,DECL,0
03042,H:\git\Ryza_voice\wav\03042.wav,ryza,7.343,秘密の遊び場……にしては、ちょっと物騒な場所だね。,train,DECL-d2,11a4141e67148836799ffc38a2571bb5,wav/03042.wav,DECL,0
05117,H:\git\Ryza_voice\wav\05117.wav,ryza,4.120,……何度も見てきたから知ってるよ。,train,DECL-d0,e55bcade4b61beec24e0753fac30b692,wav/05117.wav,DECL,0
09449,H:\git\Ryza_voice\wav\09449.wav,ryza,5.951,タオをやめさせないで済む方法、絶対に見つけよう!,train,EXCL-d1,281b3ff331841c08426104ce0e838334,wav/09449.wav,EXCL,0
07172,H:\git\Ryza_voice\wav\07172.wav,ryza,9.077,空、青いねー。 なんか見てると眠くなって…。ふーん。,train,DECL-d2,7c0abf711db4363729027cbd9292eb45,wav/07172.wav,DECL,0
08797,H:\git\Ryza_voice\wav\08797.wav,ryza,4.208,どうだった?お客さん、怒ってなかった?,train,Q-d0,7e870de466160ec1049fa311474cd0ac,wav/08797.wav,Q,0
04936,H:\git\Ryza_voice\wav\04936.wav,ryza,3.578,はい、これならなんとかなると思います。,train,DECL-d0,01c4d5c49900938d0f44a12fd91282b7,wav/04936.wav,DECL,0
03991,H:\git\Ryza_voice\wav\03991.wav,ryza,4.256,さてと、ここでやんなきゃいけないのは?,train,Q-d0,47fca3fe0f9f6dc1fbda1d723cbc836f,wav/03991.wav,Q,0
05139,H:\git\Ryza_voice\wav\05139.wav,ryza,6.831,でもそっか。これがあれば、タオが言ってた場所を探すことも……,train,ELL-d1,02553c4d5249912972bff23e14efbc41,wav/05139.wav,ELL,0
05958,H:\git\Ryza_voice\wav\05958.wav,ryza,5.469,タオとボオス、いるかな。見かけたら声かけてみようね。,train,DECL-d0,c9de0e84943699837c2cf784c7d39e9c,wav/05958.wav,DECL,0
05382,H:\git\Ryza_voice\wav\05382.wav,ryza,4.104,パティ、あなたに出会ったおかげだと思う。,train,DECL-d0,acc0c92440883d01d33cc554d89476f5,wav/05382.wav,DECL,0
00715,H:\git\Ryza_voice\wav\00715.wav,ryza,2.652,ちょっと考えてみよう,train,DECL-d0,804c89d3ec8861cce8b9047eac2f3a95,wav/00715.wav,DECL,0
04205,H:\git\Ryza_voice\wav\04205.wav,ryza,3.051,ちょっとだけ片付けようかな,train,DECL-d0,cfa79341f6949d34c877641b9031910a,wav/04205.wav,DECL,0
08097,H:\git\Ryza_voice\wav\08097.wav,ryza,2.936,で、他に聞きたいことは?,train,Q-d0,2b74c495b000c7a05de8b945c1152aab,wav/08097.wav,Q,0
06335,H:\git\Ryza_voice\wav\06335.wav,ryza,4.813,あ、あれ?あんたどうかしたの?,train,Q-d1,7925189ed8c3796e8d285f7a279e3b26,wav/06335.wav,Q,0
07944,H:\git\Ryza_voice\wav\07944.wav,ryza,6.055,この土だけ魔力があるみたい。 どうして残ってるんだろう。,train,DECL-d1,87b5a2b70f02fe3547d005ca0863b6f2,wav/07944.wav,DECL,0
01498,H:\git\Ryza_voice\wav\01498.wav,ryza,2.777,そのことなんだけど…,test,ELL-d0,b473851e0242843f986824652e3a2e4b,wav/01498.wav,ELL,1
05455,H:\git\Ryza_voice\wav\05455.wav,ryza,5.754,あれは……確か、あたしたちが見たのは動いてなかったのに……,train,ELL-d1,16c3a0f12d760360ed04823902ddf99e,wav/05455.wav,ELL,0
08613,H:\git\Ryza_voice\wav\08613.wav,ryza,7.591,これ、レシピかも。 ある道具を作るために描かれたものみたい。,train,DECL-d2,046a23fbd0dd23dfcf319dd3511f54e4,wav/08613.wav,DECL,0
07867,H:\git\Ryza_voice\wav\07867.wav,ryza,4.188,えっと、こんなところでどうしたの?,train,Q-d0,e53b83b363a56e04d910973cc62bd308,wav/07867.wav,Q,0
